url,source,timestamp
https://case-id-1000228213356.counselschambers.co.uk/,OpenPhish,2025_04_09_214921
https://token.tp-wallet.cc/,OpenPhish,2025_04_09_214921
https://coinbasewallx.webflow.io/,OpenPhish,2025_04_09_214921
https://powered.communitydesignshop.com/filedetails/sharedfiles/id=49285769/,OpenPhish,2025_04_09_214921
https://kulcoinsweilogin.webflow.io/,OpenPhish,2025_04_09_214921
https://outlooksmailboxes.weebly.com/,OpenPhish,2025_04_09_214921
https://support-coinbase-auth-cdn.webflow.io/,OpenPhish,2025_04_09_214921
https://551008j.cc/,OpenPhish,2025_04_09_214921
https://help-start-ledger-com.webflow.io/,OpenPhish,2025_04_09_214921
https://illegalengageamplify.vercel.app/zL20vMDFjcjI4entry=ttu&g_ep=EgoyMDI1MDM,OpenPhish,2025_04_09_214921
https://illegalengageamplify.vercel.app/zL20vMDFjcjI4entry=ttu&g_ep=EgoyMDI1MDM.html,OpenPhish,2025_04_09_214921
https://okx-walletconnect.com/,OpenPhish,2025_04_09_214921
https://232024057853760025.weebly.com/,OpenPhish,2025_04_09_214921
https://contentenforcementtoolbrandlaunch-hazel.vercel.app/zL20vMDFjcjI4entry=ttu&g_ep=EgoyMDI1MDM,OpenPhish,2025_04_09_214921
https://leadership-id29966137.vercel.app/hhkruu.html,OpenPhish,2025_04_09_214921
https://xfinitywebmall.weebly.com/,OpenPhish,2025_04_09_214921
https://channelhub.info/8402ee928xfcd7455bn8c5adb72ja2f6dfb3.html,OpenPhish,2025_04_09_214921
https://termsofserviceatt.wixsite.com/att-mail,OpenPhish,2025_04_09_214921
http://azuki-110716005.vercel.app/,OpenPhish,2025_04_09_214921
https://rulesfunnelpros.vercel.app/ttu&g_ep=EgoyMDI1MDMyMy4wIKXMDSoA,OpenPhish,2025_04_09_214921
https://moderationsocialventures.vercel.app/zL20vMDFjcjI4entry=ttu&g_ep=EgoyMDI1MDM,OpenPhish,2025_04_09_214921
https://privacytrendinsight.vercel.app/zL20vMDFjcjI4entry=ttu&g_ep=EgoyMDI1MDM,OpenPhish,2025_04_09_214921
https://moderationsocialventures.vercel.app/zL20vMDFjcjI4entry=ttu&g_ep=EgoyMDI1MDM.html,OpenPhish,2025_04_09_214921
http://jia.665522.shop/,OpenPhish,2025_04_09_214921
https://lcloud.coml-0n.ws/aU3V38/code.php/codigo.php/,OpenPhish,2025_04_09_214921
https://www.lcloud.comu1-k.org/aU3V38/code.php/codigo.php/,OpenPhish,2025_04_09_214921
https://find.my2i-d.org/aU3V38/code.php/codigo.php/,OpenPhish,2025_04_09_214921
https://hospital-ads-global-id1005211476528.vercel.app/hhkruu.html,OpenPhish,2025_04_09_214921
https://lcloud.comu1-k.org/aU3V38/code.php/codigo.php/,OpenPhish,2025_04_09_214921
https://rightsabuseseohive.vercel.app/ttu&g_ep=EgoyMDI1MDMyMy4wIKXMDSoA,OpenPhish,2025_04_09_214921
https://auth-cdn---m-sso---kuucoin.webflow.io/,OpenPhish,2025_04_09_214921
https://outlook-web-app-7cddd2.webflow.io/,OpenPhish,2025_04_09_214921
https://fidelity-help-kucoin.webflow.io/,OpenPhish,2025_04_09_214921
https://ledgerlived--esktop.webflow.io/,OpenPhish,2025_04_09_214921
https://micronewverislon.weebly.com/,OpenPhish,2025_04_09_214921
https://support-doc-trzor-hardware.webflow.io/,OpenPhish,2025_04_09_214921
https://kucoinlierogin.webflow.io/,OpenPhish,2025_04_09_214921
https://started-l-ledger.webflow.io/,OpenPhish,2025_04_09_214921
https://athul-krishna456.github.io/Netflix-front-end/,OpenPhish,2025_04_09_214921
https://contentenforcementtoolbrandlaunch-hazel.vercel.app/get_help,OpenPhish,2025_04_09_214921
http://pubgm-korean.merchats.com/,OpenPhish,2025_04_09_214921
https://protectpagemediahub.vercel.app/ttu&g_ep=EgoyMDI1MDMyMy4wIKXMDSoA,OpenPhish,2025_04_09_214921
https://page-assist-business-verification-violation-id1000648967.vercel.app/meta.html/,OpenPhish,2025_04_09_214921
https://socialinfluencedigitalcodehub-lilac.vercel.app/ttu&g_ep=EgoyMDI1MDMyMy4wIKXMDSoA,OpenPhish,2025_04_09_214921
https://safetystandardsmediainsight.vercel.app/zL20vMDFjcjI4entry=ttu&g_ep=EgoyMDI1MDM,OpenPhish,2025_04_09_214921
https://copyrightenforcementleadcraft.vercel.app/ttu&g_ep=EgoyMDI1MDMyMy4wIKXMDSoA,OpenPhish,2025_04_09_214921
https://copyrightenforcementleadcraft.vercel.app/ttu&g_ep=EgoyMDI1MDMyMy4wIKXMDSoA.html,OpenPhish,2025_04_09_214921
https://ledge--livea-waleat.webflow.io/,OpenPhish,2025_04_09_214921
https://anshajshukla.github.io/Cyber_Freaks_KOC12_CipherSchools,OpenPhish,2025_04_09_214921
https://service-maintenance-107138.square.site/,OpenPhish,2025_04_09_214921
https://business-validations-support-with-id100061663147.vercel.app/matell.html/,OpenPhish,2025_04_09_214921
https://socialinfluencedigitalcodehub-lilac.vercel.app/get_help/,OpenPhish,2025_04_09_214921
https://warningnoticecontentengine.vercel.app/ttu&g_ep=EgoyMDI1MDMyMy4wIKXMDSoA.html,OpenPhish,2025_04_09_214921
https://kitchen-smeta-global.vercel.app/hhkruu.html,OpenPhish,2025_04_09_214921
https://authu-us-treazor.webflow.io/,OpenPhish,2025_04_09_214921
http://firsatlarburdahementiklailerle.com/,OpenPhish,2025_04_09_214921
https://start-treezor----uath.webflow.io/,OpenPhish,2025_04_09_214921
https://trehardware--support.webflow.io/,OpenPhish,2025_04_09_214921
https://lugei--ledgrei-lve.webflow.io/,OpenPhish,2025_04_09_214921
https://ledger-io--start.webflow.io/,OpenPhish,2025_04_09_214921
https://leigres--live-wltt.webflow.io/,OpenPhish,2025_04_09_214921
https://trezor-iostaio-io.webflow.io/,OpenPhish,2025_04_09_214921
https://start-ledger-help-sso.webflow.io/,OpenPhish,2025_04_09_214921
https://desktp--liv--leidgre.webflow.io/,OpenPhish,2025_04_09_214921
https://auth-starts-trezzior-cdn.webflow.io/,OpenPhish,2025_04_09_214921
https://blog-ladgerkmstrt.webflow.io/,OpenPhish,2025_04_09_214921
https://content-startt-ladger.webflow.io/,OpenPhish,2025_04_09_214921
https://ledgerlive--wallet.webflow.io/,OpenPhish,2025_04_09_214921
https://helps--support-ledgor.webflow.io/,OpenPhish,2025_04_09_214921
https://help-ledger---app.webflow.io/,OpenPhish,2025_04_09_214921
https://help--liveledger.webflow.io/,OpenPhish,2025_04_09_214921
https://welltai--live--ledgre.webflow.io/,OpenPhish,2025_04_09_214921
https://docs-ledgr--com--sso-cdn.webflow.io/,OpenPhish,2025_04_09_214921
https://warninginfluencerlabs.vercel.app/zL20vMDFjcjI4entry=ttu&g_ep=EgoyMDI1MDM,OpenPhish,2025_04_09_214921
https://compliancetrendfusion.vercel.app/zL20vMDFjcjI4entry=ttu&g_ep=EgoyMDI1MDM,OpenPhish,2025_04_09_214921
https://disputeengagepros.vercel.app/zL20vMDFjcjI4entry=ttu&g_ep=EgoyMDI1MDM.html,OpenPhish,2025_04_09_214921
https://reconscriptch.online/,OpenPhish,2025_04_09_214921
https://compliancetrendfusion.vercel.app/get_help,OpenPhish,2025_04_09_214921
https://warninginfluencerlabs.vercel.app/get_help,OpenPhish,2025_04_09_214921
https://praffobrennoumu-1137.vercel.app/matixx.html/,OpenPhish,2025_04_09_214921
https://secureyourrightsdigitalleads.vercel.app/zL20vMDFjcjI4entry=ttu&g_ep=EgoyMDI1MDM,OpenPhish,2025_04_09_214921
https://secureyourrightsdigitalleads.vercel.app/zL20vMDFjcjI4entry=ttu&g_ep=EgoyMDI1MDM.html,OpenPhish,2025_04_09_214921
https://giemeniilogins.webflow.io/,OpenPhish,2025_04_09_214921
https://kucoeinlogzn.webflow.io/,OpenPhish,2025_04_09_214921
https://www-geminilogin.webflow.io/,OpenPhish,2025_04_09_214921
https://kuqksnlogon.webflow.io/,OpenPhish,2025_04_09_214921
https://trerewawallet.webflow.io/,OpenPhish,2025_04_09_214921
https://started-trezeoir.webflow.io/,OpenPhish,2025_04_09_214921
https://trezrss-ioo-start.webflow.io/,OpenPhish,2025_04_09_214921
https://tundra-bloom-espadrille-relaxnnamandrejoice.glitch.me/,OpenPhish,2025_04_09_214921
https://crimson-aloe-zs1tfp.mystrikingly.com/,OpenPhish,2025_04_09_214921
http://www.42url.com/mzxQCkTb/,OpenPhish,2025_04_09_214921
https://adityamaurya31.github.io/Amazon-Website-Clone,OpenPhish,2025_04_09_214921
https://secure-blockfi-login-cdn.webflow.io/,OpenPhish,2025_04_09_214921
https://trezor-io-start-rt.webflow.io/,OpenPhish,2025_04_09_214921
https://trrescerhardwrewallet.webflow.io/,OpenPhish,2025_04_09_214921
https://www.gemini68.ltd/,OpenPhish,2025_04_09_214921
https://praffobrennoumu-1137.vercel.app/qxwg,OpenPhish,2025_04_09_214921
https://www.grupo01.rana.avnam.net/wordpress/login/DKB/,OpenPhish,2025_04_09_214921
https://geminiloginnes.webflow.io/,OpenPhish,2025_04_09_214921
https://ttrezorwalletio.webflow.io/,OpenPhish,2025_04_09_214921
https://trezor-hardwarwalett.webflow.io/,OpenPhish,2025_04_09_214921
https://plum-serious-jay.glitch.me/,OpenPhish,2025_04_09_214921
https://is.gd/2y3kGL,OpenPhish,2025_04_09_214921
https://coinbaseeextension.webflow.io/,OpenPhish,2025_04_09_214921
https://goku66235.github.io/NetflixClone/,OpenPhish,2025_04_09_214921
https://kucoinleloginn.webflow.io/,OpenPhish,2025_04_09_214921
https://kucoinlgn.webflow.io/,OpenPhish,2025_04_09_214921
https://dgt.litecsys.com/lerenoi/in.php,OpenPhish,2025_04_09_214921
https://jii.li/dgt-servicios-70,OpenPhish,2025_04_09_214921
https://cukoinlogin.webflow.io/,OpenPhish,2025_04_09_214921
http://sheinsite.com/,OpenPhish,2025_04_09_214921
https://progressive-policy-100562320509.vercel.app/hhkruu.html,OpenPhish,2025_04_09_214921
https://metamaskelogin.webflow.io/,OpenPhish,2025_04_09_214921
https://matathamsklogin.webflow.io/,OpenPhish,2025_04_09_214921
http://myjioportal.co.in/,OpenPhish,2025_04_09_214921
https://enforcementtoolviralmasters.vercel.app/zL20vMDFjcjI4entry=ttu&g_ep=EgoyMDI1MDM,OpenPhish,2025_04_09_214921
https://appealrequestadfusion.vercel.app/ttu&g_ep=EgoyMDI1MDMyMy4wIKXMDSoA,OpenPhish,2025_04_09_214921
https://profile-smeta-global.vercel.app/hhkruu.html,OpenPhish,2025_04_09_214921
https://krakenlloginxe.webflow.io/,OpenPhish,2025_04_09_214921
https://authenticate-account-business-via-git-dcea23-id10000854461-with.vercel.app/meta.html/,OpenPhish,2025_04_09_214921
https://help-crypto-org.webflow.io/,OpenPhish,2025_04_09_214921
https://ttrezor-alleet.webflow.io/,OpenPhish,2025_04_09_214921
http://hammerhead-app-wtc3s.ondigitalocean.app/,OpenPhish,2025_04_09_214921
https://kukooininlogon.webflow.io/,OpenPhish,2025_04_09_214921
https://logon--ttrzor-webb.webflow.io/,OpenPhish,2025_04_09_214921
https://beneport.vercel.app/Login/index.html,OpenPhish,2025_04_09_214921
https://vijnishant.github.io/Netflix-Clone/,OpenPhish,2025_04_09_214921
https://complaintsystemadforce.vercel.app/ttu&g_ep=EgoyMDI1MDMyMy4wIKXMDSoA,OpenPhish,2025_04_09_214921
https://complaintsystemadforce.vercel.app/ttu&g_ep=EgoyMDI1MDMyMy4wIKXMDSoA.html,OpenPhish,2025_04_09_214921
https://kuko-oinlogon.webflow.io/,OpenPhish,2025_04_09_214921
https://mudrayojnagov.xyz/jio/offer/index.html,OpenPhish,2025_04_09_214921
https://codedp8-qa34.vercel.app/intest.html,OpenPhish,2025_04_09_214921
https://unlawfulcontentmarketpros.vercel.app/zL20vMDFjcjI4entry=ttu&g_ep=EgoyMDI1MDM,OpenPhish,2025_04_09_214921
https://unlawfulcontentmarketpros.vercel.app/zL20vMDFjcjI4entry=ttu&g_ep=EgoyMDI1MDM.html,OpenPhish,2025_04_09_214921
https://klantverificatie.com/sq0.php?session=67f642aac42e7,OpenPhish,2025_04_09_214921
https://robinhoodlogenrobin.gitbook.io/,OpenPhish,2025_04_09_214921
https://robinhoodloggi.gitbook.io/,OpenPhish,2025_04_09_214921
https://my--my-ndax-auth.webflow.io/,OpenPhish,2025_04_09_214921
https://sso---ndax--homepage.webflow.io/,OpenPhish,2025_04_09_214921
https://ca--web-web-ndax.webflow.io/,OpenPhish,2025_04_09_214921
https://1211a6.vercel.app/intest.html,OpenPhish,2025_04_09_214921
https://sso----secure---ndax---cdn.webflow.io/,OpenPhish,2025_04_09_214921
https://blockfi-en--docs.webflow.io/,OpenPhish,2025_04_09_214921
https://ca-portal-ndax-io-auth.webflow.io/,OpenPhish,2025_04_09_214921
https://sso--ndax-io-auth-service.webflow.io/,OpenPhish,2025_04_09_214921
https://sso-help--ndax-io.webflow.io/,OpenPhish,2025_04_09_214921
https://sso--blockfi--login.webflow.io/,OpenPhish,2025_04_09_214921
https://base---ndaxx-aauth.webflow.io/,OpenPhish,2025_04_09_214921
https://publice-blockfi-apps--cdn-sso.webflow.io/,OpenPhish,2025_04_09_214921
https://xn--wqr44au58h7ev.com/,OpenPhish,2025_04_09_214921
https://xn--r70ao2hp5hmzs.com/,OpenPhish,2025_04_09_214921
https://help--ledgerliveapp.webflow.io/,OpenPhish,2025_04_09_214921
https://paypalloginin-usa.blogspot.si/,OpenPhish,2025_04_09_214921
https://coinbase-pro-sign-up.webflow.io/,OpenPhish,2025_04_09_214921
https://auths----suite--trezzor.webflow.io/,OpenPhish,2025_04_09_214921
https://supports-trezorwallt-app.webflow.io/,OpenPhish,2025_04_09_214921
https://logn--ldgre--sso.webflow.io/,OpenPhish,2025_04_09_214921
https://m--start---ledger--s-auth.webflow.io/,OpenPhish,2025_04_09_214921
https://help-content-ledgre-sso.webflow.io/,OpenPhish,2025_04_09_214921
https://secur--kucionlognn.webflow.io/,OpenPhish,2025_04_09_214921
https://rulesfunnelpros.vercel.app/get_help/,OpenPhish,2025_04_09_214921
https://suite--trezor---net.webflow.io/,OpenPhish,2025_04_09_214921
https://trezoi--walett.webflow.io/,OpenPhish,2025_04_09_214921
https://ledggr-livweellet.webflow.io/,OpenPhish,2025_04_09_214921
https://sso-blockfilogeen.webflow.io/,OpenPhish,2025_04_09_214921
https://learn-tarezorhardware.webflow.io/,OpenPhish,2025_04_09_214921
https://logon----ledgar---aauth.webflow.io/,OpenPhish,2025_04_09_214921
https://kocoresnlogon.webflow.io/,OpenPhish,2025_04_09_214921
https://auth-logon-sso-trezor--cdn.webflow.io/,OpenPhish,2025_04_09_214921
https://app-usa-blockfis.webflow.io/,OpenPhish,2025_04_09_214921
https://geminilogw.webflow.io/,OpenPhish,2025_04_09_214921
https://my--t--ttrezor--webflow.webflow.io/,OpenPhish,2025_04_09_214921
https://support-trerirzoor.webflow.io/,OpenPhish,2025_04_09_214921
https://learn-desk----m-ledgre.webflow.io/,OpenPhish,2025_04_09_214921
https://portal-console-sso-ndax.webflow.io/,OpenPhish,2025_04_09_214921
https://geminiexchanges.webflow.io/,OpenPhish,2025_04_09_214921
https://learn-trezorio-starts.webflow.io/,OpenPhish,2025_04_09_214921
https://mmetasdkklgoun.webflow.io/,OpenPhish,2025_04_09_214921
https://bet365th.us/,OpenPhish,2025_04_09_214921
https://auth--docs--official-ledgerus.webflow.io/,OpenPhish,2025_04_09_214921
https://metamkekwvallet.webflow.io/,OpenPhish,2025_04_09_214921
https://exsodoswaletlogen.webflow.io/,OpenPhish,2025_04_09_214921
https://sftestlogin.siaedu.net/,OpenPhish,2025_04_09_214921
https://logon-sso-itrzor.webflow.io/,OpenPhish,2025_04_09_214921
https://metamusklaloginq.webflow.io/,OpenPhish,2025_04_09_214921
https://geminilalogoon.webflow.io/,OpenPhish,2025_04_09_214921
https://doctorniz786.github.io/violatiowasim/,OpenPhish,2025_04_09_214921
https://securitybreachleadamplify.vercel.app/zL20vMDFjcjI4entry=ttu&g_ep=EgoyMDI1MDM,OpenPhish,2025_04_09_214921
https://5bipp.hynsw.top/,OpenPhish,2025_04_09_214921
https://m.lgqfsxgnxddxw.com/,OpenPhish,2025_04_09_214921
https://connect-wechat.live/es/index.php,OpenPhish,2025_04_09_214921
https://bt-109018.weeblysite.com/,OpenPhish,2025_04_09_214921
https://mail.vassallo.com.ar/.well-known/made/Made-In-China/index.html,OpenPhish,2025_04_09_214921
https://account-login-trezorsuite.webflow.io/,OpenPhish,2025_04_09_214921
https://help-ledgerlive-login.webflow.io/,OpenPhish,2025_04_09_214921
https://currentlyatt91.weebly.com/,OpenPhish,2025_04_09_214921
https://currentlyatt7690.weebly.com/,OpenPhish,2025_04_09_214921
https://currently7553626.weebly.com/,OpenPhish,2025_04_09_214921
http://mailetet.wixsite.com/my-site-1,OpenPhish,2025_04_09_214921
https://d7.7yu.io/,OpenPhish,2025_04_09_214921
https://currentlyattfate.weebly.com/,OpenPhish,2025_04_09_214921
https://m.mslkwf.cn/,OpenPhish,2025_04_09_214921
http://bt-107276.weeblysite.com/,OpenPhish,2025_04_09_214921
http://bnert-106161.weeblysite.com/,OpenPhish,2025_04_09_214921
http://btemailinternetvoice.weeblysite.com/,OpenPhish,2025_04_09_214921
http://oran.godaddysites.com/-5,OpenPhish,2025_04_09_214921
https://mettamasskelougin.webflow.io/,OpenPhish,2025_04_09_214921
https://ledgre--satrt--com.webflow.io/,OpenPhish,2025_04_09_214921
https://dwload--ledgre-web.webflow.io/,OpenPhish,2025_04_09_214921
https://ledgerlivelogintcn.webflow.io/,OpenPhish,2025_04_09_214921
http://teretzuserwetsies.webflow.io/,OpenPhish,2025_04_09_214921
https://logon-trzor-webb.webflow.io/,OpenPhish,2025_04_09_214921
https://app-kucoin-sso.webflow.io/,OpenPhish,2025_04_09_214921
https://wallet-auth-ledgeer.webflow.io/,OpenPhish,2025_04_09_214921
https://help-seupport-ledger.webflow.io/,OpenPhish,2025_04_09_214921
https://web-ledger-auther.webflow.io/,OpenPhish,2025_04_09_214921
https://ledfgerrlivvdestkop.webflow.io/,OpenPhish,2025_04_09_214921
https://cymcloud.com/,OpenPhish,2025_04_09_214921
http://tredzorsewaglet.webflow.io/,OpenPhish,2025_04_09_214921
http://www.juoehrr.ip-ddns.com/,OpenPhish,2025_04_09_214921
https://woodspro2.com/,OpenPhish,2025_04_09_214921
http://portal-dev-sso.kdg.mediabeam.com/faq/,OpenPhish,2025_04_09_214921
http://portal-dev-sso.kdg.mediabeam.com/help/faq.aspx,OpenPhish,2025_04_09_214921
https://trishan0.github.io/amazon-clone/pages/register.html,OpenPhish,2025_04_09_214921
https://trishan0.github.io/amazon-clone/pages/product.html,OpenPhish,2025_04_09_214921
https://trishan0.github.io/amazon-clone/pages/sign-in.html,OpenPhish,2025_04_09_214921
http://gemieseienelogien.webflow.io/,OpenPhish,2025_04_09_214921
https://kuceeriqinlgen.webflow.io/,OpenPhish,2025_04_09_214921
https://thgatsg.weebly.com/,OpenPhish,2025_04_09_214921
http://pub-2537bb88f9434025acdba1cda50fdc64.r2.dev/index.html,OpenPhish,2025_04_09_214921
http://pub-4be37f000d004605bbd9d71c7223e6dd.r2.dev/index.html,OpenPhish,2025_04_09_214921
http://dhlstafetten.dk/find-dit-loeb/,OpenPhish,2025_04_09_214921
http://pub-6f24cfe1e879454c89a746b9564dd7c2.r2.dev/index.html,OpenPhish,2025_04_09_214921
https://lgoin--kuccoin.webflow.io/,OpenPhish,2025_04_09_214921
https://web-page-sso-kucoin.webflow.io/,OpenPhish,2025_04_09_214921
https://help---ledgerlive--assistance.webflow.io/,OpenPhish,2025_04_09_214921
https://wellt--ledgre-sso.webflow.io/,OpenPhish,2025_04_09_214921
http://pub-ead58d7e4cec4ac1b9dd1885b53d0d96.r2.dev/index.html,OpenPhish,2025_04_09_214921
http://pub-a4d4b2b201fe4abc93f68d7648ccb42c.r2.dev/index.html,OpenPhish,2025_04_09_214921
http://pub-303fc0e5e27a4be483685c3e55248df3.r2.dev/index.html,OpenPhish,2025_04_09_214921
http://pub-e37584b85ad4432a9ef673366a7b5e28.r2.dev/index.html,OpenPhish,2025_04_09_214921
http://pub-88e3e274d3094b4cb2b772c0b317e133.r2.dev/index.html,OpenPhish,2025_04_09_214921
http://pub-841a475f09a54c3ebebd4f492029e14d.r2.dev/index.html,OpenPhish,2025_04_09_214921
http://pub-46d5c97f3dcd4c57b4ba4229c31ef8b8.r2.dev/index.html,OpenPhish,2025_04_09_214921
https://gaurav997085.github.io/netflix-clone,OpenPhish,2025_04_09_214921
http://pub-041abe09ab55473882a2f10062e08e06.r2.dev/index.html,OpenPhish,2025_04_09_214921
http://trezoearisstar.webflow.io/,OpenPhish,2025_04_09_214921
http://fes1fal.lkju.my.id/,OpenPhish,2025_04_09_214921
http://locatedl-my-phone.info/aU3V38/code.php/,OpenPhish,2025_04_09_214921
http://lagrlive-destopc.webflow.io/,OpenPhish,2025_04_09_214921
http://pub-9462fa135fbc4964adec1519a4015f1e.r2.dev/index.html,OpenPhish,2025_04_09_214921
http://pub-0217eb04519042788b95bbac2628a388.r2.dev/index.html,OpenPhish,2025_04_09_214921
http://trerezrwaaalet.webflow.io/,OpenPhish,2025_04_09_214921
http://mail.google.oscarmar.com/mail/serviceMail7/13fd0d75ac18e5ea/gmail.html,OpenPhish,2025_04_09_214921
http://pub-f05b8109c3834954af711c0da8c5f9f9.r2.dev/index.html,OpenPhish,2025_04_09_214921
http://pub-0d97061b3a3f4f73a39c246f5b9b9700.r2.dev/index.html,OpenPhish,2025_04_09_214921
http://pub-db72c122baa54c18bf30bbe1c21af337.r2.dev/index.html,OpenPhish,2025_04_09_214921
http://declaration-oss.github.io/zita,OpenPhish,2025_04_09_214921
http://pub-d03020d720764470b7ead4614fc42cc9.r2.dev/youlindex.html,OpenPhish,2025_04_09_214921
http://pub-5075bfc09e394931b41ac90ce5947470.r2.dev/index.html,OpenPhish,2025_04_09_214921
https://lcloud.coml-0n.ws/aU3V38/code.php/,OpenPhish,2025_04_09_214921
https://www.lcloud.comu1-k.org/aU3V38/code.php/codigo.php,OpenPhish,2025_04_09_214921
https://www.lcloud.comu1-k.org/aU3V38/code.php/,OpenPhish,2025_04_09_214921
https://lcloud.comu1-k.org/aU3V38/code.php,OpenPhish,2025_04_09_214921
http://locatedl-my-phone.info/aU3V38/code.php,OpenPhish,2025_04_09_214921
http://lcloud.coml-0n.ws/aU3V38/code.php/codigo.php,OpenPhish,2025_04_09_214921
http://lcloud.coml-0n.ws/aU3V38/code.php,OpenPhish,2025_04_09_214921
http://www.lcloud.comu1-k.org/aU3V38/code.php,OpenPhish,2025_04_09_214921
http://lcloud.comu1-k.org/aU3V38/code.php/,OpenPhish,2025_04_09_214921
http://find.my2i-d.org/aU3V38/code.php,OpenPhish,2025_04_09_214921
http://find.my2i-d.org/aU3V38/code.php/,OpenPhish,2025_04_09_214921
http://find.my2i-d.org/aU3V38/code.php/codigo.php,OpenPhish,2025_04_09_214921
https://lcloud.comu1-k.org/aU3V38/code.php/codigo.php,OpenPhish,2025_04_09_214921
http://locatedl-my-phone.info/aU3V38/code.php/codigo.php,OpenPhish,2025_04_09_214921
http://metastreamtrade.com/,OpenPhish,2025_04_09_214921
https://e-zpassny.org-hctriox.cc/us/,OpenPhish,2025_04_09_214921
http://pub-a756bfbce6f24896a23dd2b2872b7bd6.r2.dev/blosun.html,OpenPhish,2025_04_09_214921
http://ldgrlvelogxn.webflow.io/,OpenPhish,2025_04_09_214921
http://pub-ddbdec64bcb6432baba85442fd61b674.r2.dev/index.html,OpenPhish,2025_04_09_214921
http://pub-955b08ee4e2245f8b98b3cf124aea802.r2.dev/index.html,OpenPhish,2025_04_09_214921
http://pub-5a2296040faa461a95080730c6b44f31.r2.dev/aviavtion.html,OpenPhish,2025_04_09_214921
http://pub-bff9d18a02064338a7440a1df6a092e4.r2.dev/index.html,OpenPhish,2025_04_09_214921
http://pub-893d93a9b0cc4c4fa2ea4a49588ba162.r2.dev/index.html,OpenPhish,2025_04_09_214921
https://transfers.invoicenotice.com/s7tajdezj0ercqjzx20bd/b89ec3/31a5b0d1-204a-4795-8070-3d25e2dc246a,OpenPhish,2025_04_09_214921
http://pub-e4c5a5d86fb14b718e89afbfb40c4a97.r2.dev/index.html,OpenPhish,2025_04_09_214921
http://pub-db2139367e1c48a9a03b78eec384acd3.r2.dev/cjhdndex.html,OpenPhish,2025_04_09_214921
http://bgyijqxhnx.duckdns.org/de/main,OpenPhish,2025_04_09_214921
http://pub-8b01452faac14401bae5354aefac3154.r2.dev/index.html,OpenPhish,2025_04_09_214921
https://dennetrellene-9157-git-main-support-meta-id10021451.vercel.app/matixx.html/,OpenPhish,2025_04_09_214921
http://pub-3ffa1313bdca4ec8ba87f9b311950bec.r2.dev/index.html,OpenPhish,2025_04_09_214921
http://pub-cd60dd802e1d493db03ad631609f8a2e.r2.dev/index.html,OpenPhish,2025_04_09_214921
http://pub-40cb77b4a6d84294bfa2db6a96f70ff7.r2.dev/index.html,OpenPhish,2025_04_09_214921
http://kanny.vn/wordpress/wp-content/particuliers/aces/particulier/loginform3ad6.php,OpenPhish,2025_04_09_214921
http://pub-fe8c3f567fec457fb89d3e285ad76a5d.r2.dev/rstu0.html,OpenPhish,2025_04_09_214921
http://kaizenhr.vn/css/es/Recibir_paquete.php,OpenPhish,2025_04_09_214921
http://pub-86f374beedb44838a02c9f512b6ae7a5.r2.dev/index.html,OpenPhish,2025_04_09_214921
http://www.isupportfindmy-icioud.art/aU3V38/code.php/,OpenPhish,2025_04_09_214921
https://18lucky.net/?feqkvzwv,OpenPhish,2025_04_09_214921
http://015fa8dc4cae9c1a049f0ec2dc23d3e54d47c426a3b1cda4d8b53757f8.pages.dev/,OpenPhish,2025_04_09_214921
http://afdfd4.pages.dev/,OpenPhish,2025_04_09_214921
http://melodious-petalite-panama.glitch.me/bay.html,OpenPhish,2025_04_09_214921
http://gemeni-lugi-1.gitbook.io/,OpenPhish,2025_04_09_214921
https://form.jotform.com/250971862664063,OpenPhish,2025_04_09_214921
http://aktivasiipaylatter4.resmii-iid.my.id/,OpenPhish,2025_04_09_214921
https://attseruvbfhjd.weebly.com/,OpenPhish,2025_04_09_214921
http://treozorxwallxt.webflow.io/,OpenPhish,2025_04_09_214921
https://www.tfalsehood.com/applo/,OpenPhish,2025_04_09_214921
https://pub-619f3e65cb7c45d89243c6cab0be559e.r2.dev/e86178b9adec6ab41cd8ae46150de3612bbc364110988ae46150de3612bbc3641109da.html,OpenPhish,2025_04_09_214921
https://05h-yughebsdft6787yuoisekduifhjkl.vercel.app/id/1000812958688999.html/,OpenPhish,2025_04_09_214921
http://painted-malleable-asiago.glitch.me/ebb.html,OpenPhish,2025_04_09_214921
http://help--coinbasehelp-exxt----uath.webflow.io/,OpenPhish,2025_04_09_214921
http://appleallpay.github.io/,OpenPhish,2025_04_09_214921
http://mail.buburisme.akuanakmamah.de/,OpenPhish,2025_04_09_214921
https://buburisme.akuanakmamah.de/,OpenPhish,2025_04_09_214921
http://www.buburisme.akuanakmamah.de/,OpenPhish,2025_04_09_214921
http://cc68b94d-d9d0-4a03-bf37-d58a3335e1ce.p.reviewstudio.com/,OpenPhish,2025_04_09_214921
https://gjfgjfkfgh.wixsite.com/my-site-1/,OpenPhish,2025_04_09_214921
https://beautycareid.com/m/user/index,OpenPhish,2025_04_09_214921
http://netflix-clone-phi-ruddy-86.vercel.app/,OpenPhish,2025_04_09_214921
https://aauths-auth--sso--kucoinn.webflow.io/,OpenPhish,2025_04_09_214921
https://help-s-ledgrralive.webflow.io/,OpenPhish,2025_04_09_214921
https://netflixcloneen.vercel.app/,OpenPhish,2025_04_09_214921
https://suppot-doc-trezor-start.webflow.io/,OpenPhish,2025_04_09_214921
https://logon-app-ledger.webflow.io/,OpenPhish,2025_04_09_214921
https://ledger--secure--login.webflow.io/,OpenPhish,2025_04_09_214921
https://ledgerlive--download-docs.webflow.io/,OpenPhish,2025_04_09_214921
https://help-page-ledgre-home.webflow.io/,OpenPhish,2025_04_09_214921
https://docs-ledger-com-start.webflow.io/,OpenPhish,2025_04_09_214921
https://poroductinteamscibgress.theubiqueqroup.com/,OpenPhish,2025_04_09_214921
https://unlimitedprofiles.weebly.com/,OpenPhish,2025_04_09_214921
https://supppynononow.weebly.com/,OpenPhish,2025_04_09_214921
https://loginpageattmail.weebly.com/,OpenPhish,2025_04_09_214921
https://secure-eng-blockfi-app--cdn.webflow.io/,OpenPhish,2025_04_09_214921
https://nhantubtr.github.io/tranmiclip/,OpenPhish,2025_04_09_214921
https://08t-78yguhjebsftuyiuoiespodfiuhjldklg.vercel.app/kzfrtdm.html/,OpenPhish,2025_04_09_214921
https://6h-rfgyhjstntsrhyrjsesaztrhygnfrzs.vercel.app/100081295808699.html/,OpenPhish,2025_04_09_214921
https://secure----blockfc---cdn.webflow.io/,OpenPhish,2025_04_09_214921
https://netflix.uaeregion.xyz/,OpenPhish,2025_04_09_214921
https://www.netflix.uaeregion.xyz/,OpenPhish,2025_04_09_214921
http://hh94.weebly.com/,OpenPhish,2025_04_09_214921
http://www.isupportfindmy-icioud.art/aU3V38/code.php/codigo.php,OpenPhish,2025_04_09_214921
http://www.supports-appield.art/aU3V38/code.php/codigo.php,OpenPhish,2025_04_09_214921
https://kucoiinusslogiinn.webflow.io/,OpenPhish,2025_04_09_214921
http://kukuoinlogein.webflow.io/,OpenPhish,2025_04_09_214921
https://en-ledger-com-start.webflow.io/,OpenPhish,2025_04_09_214921
https://starttrezoriohub.webflow.io/,OpenPhish,2025_04_09_214921
http://help--trezrei--strt.webflow.io/,OpenPhish,2025_04_09_214921
http://home-ledgrar-livdettuop.webflow.io/,OpenPhish,2025_04_09_214921
https://web--leegrelogin.webflow.io/,OpenPhish,2025_04_09_214921
https://ledgrwalliate.webflow.io/,OpenPhish,2025_04_09_214921
https://llive-ledger-setup.webflow.io/,OpenPhish,2025_04_09_214921
https://weellt--legree-livee.webflow.io/,OpenPhish,2025_04_09_214921
http://trezor-securitys.webflow.io/,OpenPhish,2025_04_09_214921
https://icgauths-securpass-sg-assurances.com/authassur/,OpenPhish,2025_04_09_214921
http://www.voguidenim.com/dik/,OpenPhish,2025_04_09_214921
http://terzurr-start.webflow.io/,OpenPhish,2025_04_09_214921
http://help-leedger-sstart-auth.webflow.io/,OpenPhish,2025_04_09_214921
http://xn--nstagramsupport-6kc.com/challenge/4Vi3Rn8dRdFiHG7/index.php?id=293863056&date=QXByaWwgNw==,OpenPhish,2025_04_09_214921
http://metrtamsklogin.webflow.io/,OpenPhish,2025_04_09_214921
https://univergloballimieted.weebly.com/,OpenPhish,2025_04_09_214921
https://rapid-cloud-7aa5.dopigon193.workers.dev/,OpenPhish,2025_04_09_214921
https://mkduwnsx.com/appleid/,OpenPhish,2025_04_09_214921
http://pqnsatfas.net/,OpenPhish,2025_04_09_214921
http://www.nfzra.net/,OpenPhish,2025_04_09_214921
http://lkjhgfnbvcx.blogspot.com/,OpenPhish,2025_04_09_214921
http://lkjhgfnbvcx.blogspot.tw/,OpenPhish,2025_04_09_214921
http://14882882.blogspot.com/,OpenPhish,2025_04_09_214921
https://ing.talent-community.com/help,OpenPhish,2025_04_09_214921
http://xnwusiawkseidjjdj.weebly.com/,OpenPhish,2025_04_09_214921
http://www.uspostofficecareer.com/,OpenPhish,2025_04_09_214921
http://www.uspsdhl.com/,OpenPhish,2025_04_09_214921
https://wellben-simplelords-projects.vercel.app/Login/index.html,OpenPhish,2025_04_09_214921
https://birek.click/wp-includes/js/tinymce/plugins/inlinepopups/images/inlinepopups2/Dhl/,OpenPhish,2025_04_09_214921
http://husky-fallacious-sense.glitch.me/public/hunf.html,OpenPhish,2025_04_09_214921
http://ee-support-home.web.app/,OpenPhish,2025_04_09_214921
http://hjkliuieop343.weebly.com/,OpenPhish,2025_04_09_214921
http://hello-world-autumn-glade-b14fcoinbase-com-29290.morganmclean37439.workers.dev/,OpenPhish,2025_04_09_214921
http://alfolw.dk/,OpenPhish,2025_04_09_214921
https://insidelife.host20.uk/,OpenPhish,2025_04_09_214921
https://bafkreice4s2hczhdr3fzzik73nouawy4423g5w4iysvofiwhpu4zbowskq.ipfs.dweb.link/,OpenPhish,2025_04_09_214921
http://attsecure0006.weebly.com/,OpenPhish,2025_04_09_214921
http://office-outlook-verify.com/,OpenPhish,2025_04_09_214921
http://kuponfstvll.com/,OpenPhish,2025_04_09_214921
http://gift.redeem192841.com/app/3164500/,OpenPhish,2025_04_09_214921
http://communication-register-check.vercel.app/,OpenPhish,2025_04_09_214921
https://bdehm.cn/?idtoken=srove,OpenPhish,2025_04_09_214921
https://bdehm.cn/?idtoken=uwbecyt,OpenPhish,2025_04_09_214921
https://getprox.cc/go/33b4z2/03a4?label=qrcode,OpenPhish,2025_04_09_214921
http://program-undian.kuponfstvll.com/,OpenPhish,2025_04_09_214921
http://aktifkaan-paylatersx4.real-resmi5.my.id/,OpenPhish,2025_04_09_214921
http://including-the-revision-history-already.vercel.app/,OpenPhish,2025_04_09_214921
http://seabank.b1nanc3usdt.my.id/,OpenPhish,2025_04_09_214921
http://integratedmanualfix.netlify.app/,OpenPhish,2025_04_09_214921
http://netflix-clone-rose-omega.vercel.app/,OpenPhish,2025_04_09_214921
http://imtoaken.im/,OpenPhish,2025_04_09_214921
https://www.facebookk.shop/,OpenPhish,2025_04_09_214921
http://paypalloginin-usa.blogspot.com.uy/,OpenPhish,2025_04_09_214921
http://ussoa-1313.vercel.app/,OpenPhish,2025_04_09_214921
https://ledgr--en-us-help-pages.webflow.io/,OpenPhish,2025_04_09_214921
https://helps-content-ledggr.webflow.io/,OpenPhish,2025_04_09_214921
https://help--en--content---ledgr.webflow.io/,OpenPhish,2025_04_09_214921
http://gfd5322221.weebly.com/,OpenPhish,2025_04_09_214921
https://www.starrydo.net/shuzihuobi/14112.html,OpenPhish,2025_04_09_214921
https://pub-4617bf912a28498d862db0f055c0ab82.r2.dev/bell.html,OpenPhish,2025_04_09_214921
https://seminyakvillas4u.com/web?911ad,OpenPhish,2025_04_09_214921
http://trexiosreatrat.webflow.io/,OpenPhish,2025_04_09_214921
http://trezuriossstarttg.webflow.io/,OpenPhish,2025_04_09_214921
http://secure-hq-trezor.webflow.io/,OpenPhish,2025_04_09_214921
http://trezoraiostasrtd.webflow.io/,OpenPhish,2025_04_09_214921
http://en-io-trezor.webflow.io/,OpenPhish,2025_04_09_214921
https://pan4477.onrender.com/,OpenPhish,2025_04_09_214921
http://thainguyen-vn-support.weebly.com/,OpenPhish,2025_04_09_214921
https://ipfs.io/ipfs/bafybeihdzf5ds3w55qmprxjiodsufuntlupu6yy7lf2pdwvnjs4rtgsxge/housm.html,OpenPhish,2025_04_09_214921
http://outlokdhedwdng.weebly.com/,OpenPhish,2025_04_09_214921
http://saibo58.cc/,OpenPhish,2025_04_09_214921
https://pub-3424228f58ac440c9523afb01100ed68.r2.dev/emerald.html?user-agent=mozilla/5.0%20(windows%20nt%2010.0;%20win64;%20x64)%20applewebkit/537.36%20,OpenPhish,2025_04_09_214921
http://orangeapple.vercel.app/,OpenPhish,2025_04_09_214921
https://like-bead-wallflower.glitch.me/,OpenPhish,2025_04_09_214921
http://kaka-git-main-sharedocu-statements-projects.vercel.app/,OpenPhish,2025_04_09_214921
https://it-support-hub-b28b.vercel.app/managermentdat/Landingpage/landingpage.html/,OpenPhish,2025_04_09_214921
http://k551009.cc/,OpenPhish,2025_04_09_214921
https://docs--wallet------ledger.webflow.io/,OpenPhish,2025_04_09_214921
https://startsitetrezorio.webflow.io/,OpenPhish,2025_04_09_214921
https://secure-ai-ledger-auth.webflow.io/,OpenPhish,2025_04_09_214921
https://desktop--ledgrelive-wlt.webflow.io/,OpenPhish,2025_04_09_214921
https://auth-l-start-ledger.webflow.io/,OpenPhish,2025_04_09_214921
https://auth--sso--logon-web-ledgr.webflow.io/,OpenPhish,2025_04_09_214921
https://auth-m-start---ledgar---web.webflow.io/,OpenPhish,2025_04_09_214921
https://sso-kucoin-hellp.webflow.io/,OpenPhish,2025_04_09_214921
https://app-ledgre--livee.webflow.io/,OpenPhish,2025_04_09_214921
https://authu-ledger-auth.webflow.io/,OpenPhish,2025_04_09_214921
https://set-upstart-l-edger--auth.webflow.io/,OpenPhish,2025_04_09_214921
https://facebook-clone-nu-ecru.vercel.app/,OpenPhish,2025_04_09_214921
https://jionet-9de.pages.dev/,OpenPhish,2025_04_09_214921
https://variation-smeta-ads-business.vercel.app/uiife.kov/hhkruu.html/,OpenPhish,2025_04_09_214921
https://attserverxx1.weebly.com/,OpenPhish,2025_04_09_214921
https://05h-yughebsdft6787yuoisekduifhjkl.vercel.app/id/1000812958688999.html,OpenPhish,2025_04_09_214921
https://keithforum.com/plans.html,OpenPhish,2025_04_09_214921
http://551003q.cc/,OpenPhish,2025_04_09_214921
https://pages-verify-business-information-git-ae6be1-id1000300681-with.vercel.app/business.html,OpenPhish,2025_04_09_214921
http://551004q.cc/,OpenPhish,2025_04_09_214921
https://cischem.co.kr/,OpenPhish,2025_04_09_214921
https://doc--trrzor-cdn.webflow.io/,OpenPhish,2025_04_09_214921
https://trezeriostatruse.webflow.io/,OpenPhish,2025_04_09_214921
https://setup--content-ledgre.webflow.io/,OpenPhish,2025_04_09_214921
https://sharpethomas36.wixsite.com/home/,OpenPhish,2025_04_09_214921
https://ubddfdggdxc2.group/cisajkenckjgknst/,OpenPhish,2025_04_09_214921
https://appladmain.com/,OpenPhish,2025_04_09_214921
https://www.ipikw.cn/,OpenPhish,2025_04_09_214921
http://k551008.cc/,OpenPhish,2025_04_09_214921
https://www.syncdefi-rectification.info/,OpenPhish,2025_04_09_214921
https://kkampanyalarin.cyou/,OpenPhish,2025_04_09_214921
https://earn100dollars.zya.me/,OpenPhish,2025_04_09_214921
https://qnblerdenrio.duckdns.org/,OpenPhish,2025_04_09_214921
https://6h-trutyiiotnslaoirmvlsomfkdg.vercel.app/case/100081295808699.html/,OpenPhish,2025_04_09_214921
http://jfcbygg.se/wp-content/image/,OpenPhish,2025_04_09_214921
http://hyyfvip.com/,OpenPhish,2025_04_09_214921
http://propertyments.com/,OpenPhish,2025_04_09_214921
https://channelhub.info/8b81a965cxaff541cenb2c01b11j0a10ce51.html,OpenPhish,2025_04_09_214921
https://m.cheweihuaxian.cn/,OpenPhish,2025_04_09_214921
http://s04g.xyz/,OpenPhish,2025_04_09_214921
https://sribargavanknits.com/,OpenPhish,2025_04_09_214921
https://pub-6e2cb37d01584f49a4e0325b2097c249.r2.dev/new.html,OpenPhish,2025_04_09_214921
http://metacas6693.com/?business=551828184077&step=1,OpenPhish,2025_04_09_214921
https://reactivate-device.web.app/,OpenPhish,2025_04_09_214921
https://normal-start--ledgercom--cdn.webflow.io/,OpenPhish,2025_04_09_214921
https://help---cdn-ledge.webflow.io/,OpenPhish,2025_04_09_214921
https://help-cdn-ledger--live.webflow.io/,OpenPhish,2025_04_09_214921
https://official-ledgeers.webflow.io/,OpenPhish,2025_04_09_214921
https://vw.btmd.eu.org/,OpenPhish,2025_04_09_214921
http://soctiabank-support.com/,OpenPhish,2025_04_09_214921
https://bitvavo.com.nl.services.afcmedsupply.com/,OpenPhish,2025_04_09_214921
https://c72v.xyz/,OpenPhish,2025_04_09_214921
https://case-id-1000228271084.counselschambers.co.uk/,OpenPhish,2025_04_09_214921
https://att897678.weebly.com/,OpenPhish,2025_04_09_214921
https://polyverix.vercel.app/managermentloc/Landingpage/landingpage.html,OpenPhish,2025_04_09_214921
http://trezioriewallet.webflow.io/,OpenPhish,2025_04_09_214921
https://steamcommunity.wallpaperengineshared.com/indexrus.html,OpenPhish,2025_04_09_214921
http://bhlifcqpdb.duckdns.org/en/,OpenPhish,2025_04_09_214921
https://m.xn--qkr8l62rot9c.com/,OpenPhish,2025_04_09_214921
https://p15y.xyz/,OpenPhish,2025_04_09_214921
https://m.xn--r70ao2hp5hmzs.com/,OpenPhish,2025_04_09_214921
http://vibgyordisplayflash.com/wp-content/poration/confirm.html,OpenPhish,2025_04_09_214921
http://coinbsewalletextnsin.webflow.io/,OpenPhish,2025_04_09_214921
http://gpt-netflix-67d49.firebaseapp.com/,OpenPhish,2025_04_09_214921
http://marketplace-assistant-help-open-restricts.vereyenbui.com/meta-community-standard/,OpenPhish,2025_04_09_214921
http://royalmail.weutow618.shop/order/NPcirVew7wpv/,OpenPhish,2025_04_09_214921
http://steam.workshopvoteview.com/sharedfiles/filedetails/,OpenPhish,2025_04_09_214921
https://08t-78yguhjebsftuyiuoiespodfiuhjldklg.vercel.app/kzfrtdm.html,OpenPhish,2025_04_09_214921
http://www.rebrand.ly/ae2sdbf-5ccsdf0bs-dfbsdf-iuo/,OpenPhish,2025_04_09_214921
http://www.intuitqb.online/appointment/,OpenPhish,2025_04_09_214921
http://dpd-hr.id103201.com/2647572150/,OpenPhish,2025_04_09_214921
http://policycomplianceadfusion.vercel.app/get_help/,OpenPhish,2025_04_09_214921
http://f7e2e93e16.nxcli.io/wem/,OpenPhish,2025_04_09_214921
http://face.meteuin.com/,OpenPhish,2025_04_09_214921
http://claimnoticeadstrategists.vercel.app/get_help/,OpenPhish,2025_04_09_214921
http://appealrequestadfusion.vercel.app/get_help/,OpenPhish,2025_04_09_214921
http://claimnoticetrendedge.vercel.app/get_help/,OpenPhish,2025_04_09_214921
https://recruit.metacareers-appointment.com/,OpenPhish,2025_04_09_214921
