url,date_added,is_phishing,source,domain
http://case-id-1000228269218.counselschambers.co.uk/,2025-04-02,1,manual_import,counselschambers.co.uk
http://case-id-1000228246203.counselschambers.co.uk/,2025-04-02,1,manual_import,counselschambers.co.uk
https://metalvalor.mkw.eu/wp-includes/wtrf.html?email=3mail@b.c,2025-04-02,1,manual_import,mkw.eu
http://case-id-1000228259050.counselschambers.co.uk/,2025-04-02,1,manual_import,counselschambers.co.uk
http://hiee-auth-ndaxx.webflow.io/,2025-04-02,1,manual_import,webflow.io
http://fosabramzx.pqnsatfas.net/,2025-04-02,1,manual_import,pqnsatfas.net
https://heresiography.cfd/,2025-04-02,1,manual_import,heresiography.cfd
http://scan-index-retrieve.vercel.app/,2025-04-02,1,manual_import,vercel.app
http://nayatel-2h7.pages.dev/,2025-04-02,1,manual_import,pages.dev
http://tk.hfdaks.icu/,2025-04-02,1,manual_import,hfdaks.icu
http://gmresniollogi.webflow.io/,2025-04-02,1,manual_import,webflow.io
https://ggssgzgvxdvdb.blogspot.com.by/,2025-04-02,1,manual_import,blogspot.com.by
https://ggssgzgvxdvdb.blogspot.rs/,2025-04-02,1,manual_import,blogspot.rs
https://ggssgzgvxdvdb.blogspot.cl/,2025-04-02,1,manual_import,blogspot.cl
https://ggssgzgvxdvdb.blogspot.com.ng/,2025-04-02,1,manual_import,blogspot.com.ng
https://ggssgzgvxdvdb.blogspot.co.za/,2025-04-02,1,manual_import,blogspot.co.za
https://ggssgzgvxdvdb.blogspot.bg/,2025-04-02,1,manual_import,blogspot.bg
https://zaxarialui.pqnsatfas.net/,2025-04-02,1,manual_import,pqnsatfas.net
https://pub-819fd5892eb14b02b85366b72fac3fca.r2.dev/index.html?98d7f10ccde043d578d1b2e9950c4d,2025-04-02,1,manual_import,r2.dev
https://steamcommunitw.com/tradeoffer/new/?partner=11764871455token=BGdVHrI5,2025-04-02,1,manual_import,steamcommunitw.com
https://pub-a7ec1232f770448eb1f76f2a64cdd6ca.r2.dev/index.html?5c5749b98031055a14ebb00f1d5e34,2025-04-02,1,manual_import,r2.dev
http://f7a69e99c7e2ee9df6c5c24b3fff35e.pages.dev/,2025-04-02,1,manual_import,pages.dev
https://sneamcommnumnlty.com/ju-48298490920920924,2025-04-02,1,manual_import,sneamcommnumnlty.com
http://sites.google.com/view/ambaxzlhgmn/home/,2025-04-02,1,manual_import,google.com
http://larder-lege.vercel.app/,2025-04-02,1,manual_import,vercel.app
https://artygh.weebly.com/,2025-04-02,1,manual_import,weebly.com
http://www.located-phone.info/Iuq72/,2025-04-02,1,manual_import,located-phone.info
http://www.meccajid.com/,2025-04-02,1,manual_import,meccajid.com
http://btonline015.weebly.com/,2025-04-02,1,manual_import,weebly.com
https://kucoinkr.com/home,2025-04-02,1,manual_import,kucoinkr.com
https://www.oziq.com/wp-admin/sc/tmp/vmo.html,2025-04-02,1,manual_import,oziq.com
https://sneamcommnumnlty.com/sq-439890244982044324,2025-04-02,1,manual_import,sneamcommnumnlty.com
http://oelsmekdfudjawnsd.weebly.com/,2025-04-02,1,manual_import,weebly.com
https://reviewviolationcleverclicks.vercel.app/get_help,2025-04-02,1,manual_import,vercel.app
https://sneamcommnumnlty.com/qx-4004390209092430924,2025-04-02,1,manual_import,sneamcommnumnlty.com
http://551008i.cc/,2025-04-02,1,manual_import,551008i.cc
https://www.bitvavo.com.nl.services.sdsvilanova.com.br/,2025-04-02,1,manual_import,sdsvilanova.com.br
https://cactus-invented-dew.glitch.me/public/hunf.html,2025-04-02,1,manual_import,glitch.me
https://western-fabulous-expansion.glitch.me/public/red.htm,2025-04-02,1,manual_import,glitch.me
http://portal-sso-ndaxio--net.webflow.io/,2025-04-02,1,manual_import,webflow.io
https://kav1r1thanya.github.io/Netflix_host_project/,2025-04-02,1,manual_import,github.io
https://emailhomeatt-0650001.weeblysite.com/,2025-04-02,1,manual_import,weeblysite.com
http://case-id-1000228259339.counselschambers.co.uk/,2025-04-02,1,manual_import,counselschambers.co.uk
https://attmail-new-q138fd5wqasvvb427d5wqab427b55545.weeblysite.com/,2025-04-02,1,manual_import,weeblysite.com
http://methimassk_lugyiz.godaddysites.com/,2025-04-02,1,manual_import,godaddysites.com
https://attcurently03-25-2025.weeblysite.com/,2025-04-02,1,manual_import,weeblysite.com
https://contentenforcementtoolbrandfocusmedia.vercel.app/get_help,2025-04-02,1,manual_import,vercel.app
https://attcurently3-24-25.weeblysite.com/,2025-04-02,1,manual_import,weeblysite.com
https://pub-0d8893e150754524952e4f5b35fe1721.r2.dev/index.html?49511beb8ffa06b1746a9d1be77ce4,2025-04-02,1,manual_import,r2.dev
https://privacytoolbrandengage.vercel.app/get_help,2025-04-02,1,manual_import,vercel.app
https://att-new-q138fd5wqab427d5wqab427b55545.weeblysite.com/,2025-04-02,1,manual_import,weeblysite.com
https://copyrighttoolcontentgurus.vercel.app/get_help,2025-04-02,1,manual_import,vercel.app
http://jwgie.qqmasonry.com/,2025-04-02,1,manual_import,qqmasonry.com
https://chongzhiruanjian.net/,2025-04-02,1,manual_import,chongzhiruanjian.net
https://ghcamelxiv.pqnsatfas.net/,2025-04-02,1,manual_import,pqnsatfas.net
https://binance.desk-sow.com/,2025-04-02,1,manual_import,desk-sow.com
https://maccountmamangerfb-mkt.ubpages.com/support-verify-il/,2025-04-02,1,manual_import,ubpages.com
https://bhbjjjnjjnjj.weeblysite.com/,2025-04-02,1,manual_import,weeblysite.com
https://currently-att-3-23-2025.weeblysite.com/,2025-04-02,1,manual_import,weeblysite.com
http://kucoin.igyxfdgf.top/,2025-04-02,1,manual_import,igyxfdgf.top
https://feuttacabride-9551.vercel.app/ruu.html/hwkls.html,2025-04-02,1,manual_import,vercel.app
https://zeimmuffegrezei-8087.vercel.app/ratixx.html/,2025-04-02,1,manual_import,vercel.app
https://falseclaimsocialforge.vercel.app/get_help,2025-04-02,1,manual_import,vercel.app
http://testbest.x10.mx/,2025-04-02,1,manual_import,x10.mx
https://pub-9e5b0201574f412fbdd16095ebb8a132.r2.dev/index.html?630ac46fb74b29813a49e984b6604b,2025-04-02,1,manual_import,r2.dev
https://instagram-support-chat.github.io/landing,2025-04-02,1,manual_import,github.io
https://nyxuchdrx.pqnsatfas.net/,2025-04-02,1,manual_import,pqnsatfas.net
https://andreliberatto.github.io/portfolio/Netflix/index.html,2025-04-02,1,manual_import,github.io
http://case-id-1000228260776.counselschambers.co.uk/,2025-04-02,1,manual_import,counselschambers.co.uk
https://1211-ahx6.vercel.app/verset.html,2025-04-02,1,manual_import,vercel.app
https://infringementimpactjourney.vercel.app/get_help,2025-04-02,1,manual_import,vercel.app
https://usercomplaintbrandpriority.vercel.app/get_help,2025-04-02,1,manual_import,vercel.app
https://safetyalertviralinsight.vercel.app/get_help/,2025-04-02,1,manual_import,vercel.app
https://allegro.pl-6723.cfd/prywatna%25/85767,2025-04-02,1,manual_import,pl-6723.cfd
https://1h9-iuoyqerrniuloueisvuiton.vercel.app/100081295808699.html/,2025-04-02,1,manual_import,vercel.app
https://fb-case-8895012.web.app/human.html?teksti=-%20Posting%20content%20about%20a%20violent%20tragedy,2025-04-02,1,manual_import,web.app
https://diocamqrrgngdsygaqyiguyeageeaaygweysqmygaq8yiguydqgfea.vercel.app/gmdp.html/,2025-04-02,1,manual_import,vercel.app
https://cilleitabrouffa-6298.vercel.app/ihe.etyzw/,2025-04-02,1,manual_import,vercel.app
https://tebeuhameha-4799.vercel.app/hui.rwygx/,2025-04-02,1,manual_import,vercel.app
https://complianceviolationcontentblast.vercel.app/get_help,2025-04-02,1,manual_import,vercel.app
https://termssocialflair.vercel.app/get_help/,2025-04-02,1,manual_import,vercel.app
https://safeguardrightsgrowthinsight.vercel.app/get_help,2025-04-02,1,manual_import,vercel.app
https://stopcopyrightseoauthority.vercel.app/get_help,2025-04-02,1,manual_import,vercel.app
https://userrightsprotectiondigitalpros-three.vercel.app/get_help,2025-04-02,1,manual_import,vercel.app
https://termstoolbrandfocusmedia.vercel.app/get_help,2025-04-02,1,manual_import,vercel.app
https://appealactioncontentpros.vercel.app/get_help,2025-04-02,1,manual_import,vercel.app
https://infringertrackermarketbeat-pi.vercel.app/get_help,2025-04-02,1,manual_import,vercel.app
https://safeguardleadgenius.vercel.app/get_help,2025-04-02,1,manual_import,vercel.app
https://michaelkasi.github.io/Netflix/,2025-04-02,1,manual_import,github.io
https://contentviolationadinspire.vercel.app/get_help,2025-04-02,1,manual_import,vercel.app
https://auth-io-trazr-io-x---cdn.webflow.io/,2025-04-02,1,manual_import,webflow.io
https://takedownactionleadsengine.vercel.app/get_help,2025-04-02,1,manual_import,vercel.app
https://contentenforcementtoolbuzzfactor.vercel.app/get_help,2025-04-02,1,manual_import,vercel.app
https://safetystandardsmarketstorm.vercel.app/get_help,2025-04-02,1,manual_import,vercel.app
https://ylsqwf.pqnsatfas.net/,2025-04-02,1,manual_import,pqnsatfas.net
https://policyalertengageexperts.vercel.app/get_help,2025-04-02,1,manual_import,vercel.app
http://cmelrakki.github.io/test,2025-04-02,1,manual_import,github.io
https://legaladzone.vercel.app/get_help,2025-04-02,1,manual_import,vercel.app
https://pub-9c8302b3f373423199d2169606d7d6f3.r2.dev/index.html?f23aa764a8bab61b6857885d17b1f3#3mail%40b.c,2025-04-02,1,manual_import,r2.dev
http://baglionihotels.comloginmlcrosoftonline365.verifyex.com/cache/css?email=3mail@b.c,2025-04-02,1,manual_import,verifyex.com
https://1211-ahx6.vercel.app/intest.html,2025-04-02,1,manual_import,vercel.app
https://sso-treezor-io-logn-cdn-autth.webflow.io/,2025-04-02,1,manual_import,webflow.io
https://archmetrics.org/zzzx./dayo/3348191/YWFyb25AZXR0b3dlci5jb20=&$%25%25,2025-04-02,1,manual_import,archmetrics.org
http://vjhseaixlw.pqnsatfas.net/,2025-04-02,1,manual_import,pqnsatfas.net
https://veqxgygq.pqnsatfas.net/,2025-04-02,1,manual_import,pqnsatfas.net
https://attnet-106620.weeblysite.com/,2025-04-02,1,manual_import,weeblysite.com
http://www.zyciegwiazd24tv.com.pl/,2025-04-02,1,manual_import,zyciegwiazd24tv.com.pl
http://www.zyciegwiazd24tv.com.pl/checkMail.html?email=,2025-04-02,1,manual_import,zyciegwiazd24tv.com.pl
http://igyxfdgf.top/,2025-04-02,1,manual_import,igyxfdgf.top
https://diocamqrrgngdsygaqyiguyeageeaaygweysqmygaq8yiguydqgfea.vercel.app/idsp/10007512780106.html/,2025-04-02,1,manual_import,vercel.app
https://1211vxx.vercel.app/verset.html/,2025-04-02,1,manual_import,vercel.app
https://1211vxx.vercel.app/intest.html/,2025-04-02,1,manual_import,vercel.app
https://cex-eosin.vercel.app/atd.gkt/,2025-04-02,1,manual_import,vercel.app
https://www.solanexextension.live/wallets/index.html/,2025-04-02,1,manual_import,solanexextension.live
https://1211-52e3.vercel.app/verset.html/,2025-04-02,1,manual_import,vercel.app
https://wmcopssl.pqnsatfas.net/,2025-04-02,1,manual_import,pqnsatfas.net
https://archmetrics.org/zzzx./dayo/1559821/YXAuZGVwdEB0cnVseW5vbGVuLmNvbQ==&$%25%25,2025-04-02,1,manual_import,archmetrics.org
https://meta.helpsupportpagelive.eu/,2025-04-02,1,manual_import,helpsupportpagelive.eu
http://atojxipz.pqnsatfas.net/,2025-04-02,1,manual_import,pqnsatfas.net
https://breugeurexewe-1965.vercel.app/matixx.html/,2025-04-02,1,manual_import,vercel.app
https://plastisolempaques.com/wp-includes/js/82n1U%22,2025-04-02,1,manual_import,plastisolempaques.com
https://archmetrics.org/zzzx./dayo/2762392/amFrZS5kYXZpc0BtdHNpLmNvbQ==&$%25%25,2025-04-02,1,manual_import,archmetrics.org
http://rtgpgs.pqnsatfas.net/,2025-04-02,1,manual_import,pqnsatfas.net
https://athira701.github.io/netflix/,2025-04-02,1,manual_import,github.io
https://safecontentviralforge.vercel.app/3a36efff&cf6=5a&1eG=K9dHF3da4b=D400e,2025-04-02,1,manual_import,vercel.app
http://staemcomunmutty.com/ed425abcbd53486603768017e49d54cd/c3RlYW1jb211bm1pdHkuY28=/aHR0cDovL3N0YWVtY29tdW5tdXR0eS5jb20vZ2lmdC9hY3RpdmF0aW9uPURvcjVGaG5tMTF3Lw==,2025-04-02,1,manual_import,staemcomunmutty.com
https://safeguardrightsgrowthinsight.vercel.app/3ae&25&93cf6=5a&1eGK9d0xe13da4b=D400e.html,2025-04-02,1,manual_import,vercel.app
https://safeguardrightsgrowthinsight.vercel.app/3ae&25&93cf6=5a&1eGK9d0xe13da4b=D400e,2025-04-02,1,manual_import,vercel.app
https://auth.gy/ZHDnNvD5le5o_GKWIA?/facebook_secure_account?id=759347502378427672987349826578129038123807394,2025-04-02,1,manual_import,auth.gy
https://archmetrics.org/zzzx./dayo/3484217/YWRhbWxhcnNvbkBwZXJmZWN0c2VydmljZXMuY29t&$%25%25,2025-04-02,1,manual_import,archmetrics.org
https://laxita05.github.io/Amazon-_Clone,2025-04-02,1,manual_import,github.io
https://archmetrics.org/zzzx./dayo/3484217/YWRhbWxhcnNvbkBwZXJmZWN0c2VydmljZXMuY29t&$,2025-04-02,1,manual_import,archmetrics.org
https://archmetrics.org/zzzx./dayo/7603390/YW5kcmV3LmJlbGdhcmRAbXRzaS5jb20=&$%25%25,2025-04-02,1,manual_import,archmetrics.org
https://archmetrics.org/zzzx./dayo/2875676/aW52b2ljZXNAc2RjZWEubmV0&$%25%25,2025-04-02,1,manual_import,archmetrics.org
https://kucouinlogn.webflow.io/,2025-04-02,1,manual_import,webflow.io
https://kucousenilogin.webflow.io/,2025-04-02,1,manual_import,webflow.io
https://kukoinlogi.webflow.io/,2025-04-02,1,manual_import,webflow.io
https://kucoinhvlogin.webflow.io/,2025-04-02,1,manual_import,webflow.io
https://ledgertwallert.webflow.io/,2025-04-02,1,manual_import,webflow.io
https://exoduswalletert.webflow.io/,2025-04-02,1,manual_import,webflow.io
https://archmetrics.org/zzzx./dayo/1285665/YWlyc2lkZW9yZGVyc0B1dmRpLmNvbQ==&$%25%25,2025-04-02,1,manual_import,archmetrics.org
https://geminialogoin.webflow.io/,2025-04-02,1,manual_import,webflow.io
https://hgfghjklkjh.weeblysite.com/,2025-04-02,1,manual_import,weeblysite.com
https://trustviewweb.weebly.com/,2025-04-02,1,manual_import,weebly.com
https://linkedinw.weebly.com/,2025-04-02,1,manual_import,weebly.com
https://vodsystem.weebly.com/,2025-04-02,1,manual_import,weebly.com
https://rich-statuesque-drain.glitch.me/,2025-04-02,1,manual_import,glitch.me
https://archmetrics.org/zzzx./dayo/5843974/YW1hbmRhLnZlc2Vsa2FAbXRzaS5jb20=&$%25%25,2025-04-02,1,manual_import,archmetrics.org
https://sherpaengagementconnexion.weebly.com/,2025-04-02,1,manual_import,weebly.com
https://api.allegronova.net/,2025-04-02,1,manual_import,allegronova.net
https://r4ck5p4c3hm.pages.dev/,2025-04-02,1,manual_import,pages.dev
https://texasiarsystems.com/254efbe7-0ec5-4c6e-b19e-accc4527e022/#3mail@b.c,2025-04-02,1,manual_import,texasiarsystems.com
https://archmetrics.org/zzzx./dayo/3898506/YWNjb3VudGluZ0BqcmZvcnRoby5vcmc=&$%25%25,2025-04-02,1,manual_import,archmetrics.org
https://dehygienique.izenoondemand.com/custom/themes/chs/chpl/,2025-04-02,1,manual_import,izenoondemand.com
https://uphock_lggggggn.godaddysites.com/,2025-04-02,1,manual_import,godaddysites.com
https://rightsflagleadcraft.vercel.app/3a36efff&cf6=5a&1eG=K9dHF3da4b=D400e,2025-04-02,1,manual_import,vercel.app
https://deaaygweysqmygaqydggaeeuyjxg7giaegiofmg8iarbfgdky2gweysq.vercel.app/idsp/10007512780106.html/,2025-04-02,1,manual_import,vercel.app
http://loginmlcrosoftonline365.vodafone.com.ribeiroautocapas.com.br/cgi-bin/reset/authorize/,2025-04-02,1,manual_import,ribeiroautocapas.com.br
https://case-id-1000228224639.counselschambers.co.uk/,2025-04-02,1,manual_import,counselschambers.co.uk
https://rolastopas.cc/go/y264u2a4/03b4.php/y264u2a4/03b4,2025-04-02,1,manual_import,rolastopas.cc
https://ledger-walliet.netlify.app/,2025-04-02,1,manual_import,netlify.app
https://standardsadstreamline.vercel.app/get_help/,2025-04-02,1,manual_import,vercel.app
https://appealnoticeadboosters-two.vercel.app/get_help/,2025-04-02,1,manual_import,vercel.app
https://theodore954.vercel.app/tifot.itun/hhkruu.html/,2025-04-02,1,manual_import,vercel.app
https://protectiontooladpowerup.vercel.app/get_help,2025-04-02,1,manual_import,vercel.app
https://vn.run/@pagehelp05,2025-04-02,1,manual_import,vn.run
http://auth--ndax-login.webflow.io/,2025-04-02,1,manual_import,webflow.io
https://pub-06d4cc19dd4f413ba88d354f695adb33.r2.dev/index.html,2025-04-02,1,manual_import,r2.dev
https://cdn.trytraffics.com/rdr/YWE9NDAwNDkzMjQ2JnNlaT0yNTQ3ODkzOSZ0az1jTXNmN3laRmc0U1pGeGM5RjVhNSZ0PTUmYz05MGFzODc2ZmQ4OWFzNWZnOGEwOXM=,2025-04-02,1,manual_import,trytraffics.com
https://jwgle.qqmasonry.com/,2025-04-02,1,manual_import,qqmasonry.com
http://rayjanikowski71-hdm.kleap.co/,2025-04-02,1,manual_import,kleap.co
https://infractionnoticeengageinsights.vercel.app/get_help,2025-04-02,1,manual_import,vercel.app
https://support-956.ubpages.com/5467/,2025-04-02,1,manual_import,ubpages.com
https://complainthubreachengine.vercel.app/3ae&25&93cf6=5a&1eGK9d0xe13da4b=D400e,2025-04-02,1,manual_import,vercel.app
https://copyrighttoolcontentgurus.vercel.app/3ae&25&93cf6=5a&1eGK9d0xe13da4b=D400e.html,2025-04-02,1,manual_import,vercel.app
https://copyrighttoolcontentgurus.vercel.app/3ae&25&93cf6=5a&1eGK9d0xe13da4b=D400e,2025-04-02,1,manual_import,vercel.app
https://siddhu-1729.github.io/Introduction/,2025-04-02,1,manual_import,github.io
http://apple-internal-acs-support.com/,2025-04-02,1,manual_import,apple-internal-acs-support.com
http://krkucoin.com/,2025-04-02,1,manual_import,krkucoin.com
http://metawhatsapp-review-request-282-turkey.ubpages.com/user-faq-basic/,2025-04-02,1,manual_import,ubpages.com
https://userlocktooladstreamline.vercel.app/get_help,2025-04-02,1,manual_import,vercel.app
https://dhl.certifications.lat/,2025-04-02,1,manual_import,certifications.lat
https://89602a39-4eff-46fd-ae70-7850b2ddbf61-00-3bzr9qu6yh3j0.worf.replit.dev/,2025-04-02,1,manual_import,replit.dev
https://ipfs.io/ipfs/bafybeifdvkgh4qhdcsuwouve3mx27oljxbvi4sqce2neatdmwpbo6cuyv4/newoutlook.html,2025-04-02,1,manual_import,ipfs.io
https://userflagadpowerup.vercel.app/get_help,2025-04-02,1,manual_import,vercel.app
https://pageviolationengagewave.vercel.app/get_help,2025-04-02,1,manual_import,vercel.app
https://pub-eb418ce169274ef0842ec48556076cc6.r2.dev/index.html?149bb67de1ed99b09218dcad3a6e49#3mail%40b.c,2025-04-02,1,manual_import,r2.dev
http://omnibsic.com.ghloginmlcrosoftonline365.verifyex.com/cache/css?email=3mail@b.c,2025-04-02,1,manual_import,verifyex.com
https://enforcementnoticebuzzzone.vercel.app/3a36efff&cf6=5a&1eG=K9dHF3da4b=D400e.html,2025-04-02,1,manual_import,vercel.app
https://enforcementnoticebuzzzone.vercel.app/3a36efff&cf6=5a&1eG=K9dHF3da4b=D400e,2025-04-02,1,manual_import,vercel.app
https://victo29.github.io/instagram-clone/,2025-04-02,1,manual_import,github.io
http://instagramnoreplay.blogspot.com/?m=1,2025-04-02,1,manual_import,blogspot.com
https://rightstrackermarketmindset.vercel.app/get_help/,2025-04-02,1,manual_import,vercel.app
https://shaw-ca.pages.dev/,2025-04-02,1,manual_import,pages.dev
https://karanbutola.github.io/Discord-clone/,2025-04-02,1,manual_import,github.io
https://pub-6a2e2050b4304ef2b7150f65f3c185a5.r2.dev/index.html?03f97de4064839965cc2f2179b0a5f,2025-04-02,1,manual_import,r2.dev
https://lugonvoupuxgtabk.bayareasantaclausexperience.com:8443/impact?dNzmSYo7VoWtwOShaAD7bQyEKyae6XRo=3mail@b.c,2025-04-02,1,manual_import,bayareasantaclausexperience.com
https://verification-center-10003262382.xinlan.co.uk/?helpbusiness-1009858,2025-04-02,1,manual_import,xinlan.co.uk
https://zapequoitrora-1713.vercel.app/mixcc.html,2025-04-02,1,manual_import,vercel.app
https://page-private-manage-4.vercel.app/managerment/Landingpage/landingpage.html,2025-04-02,1,manual_import,vercel.app
https://fepreuquoixaune-6124.vercel.app/mixcc.html,2025-04-02,1,manual_import,vercel.app
https://portal-nfe.digital/dispositivos.php,2025-04-02,1,manual_import,portal-nfe.digital
https://portal-nfe.digital/assinatura1.php,2025-04-02,1,manual_import,portal-nfe.digital
https://portal-nfe.digital/celular.php,2025-04-02,1,manual_import,portal-nfe.digital
https://portal-nfe.digital/adesao.php,2025-04-02,1,manual_import,portal-nfe.digital
https://portal-nfe.digital/login.php,2025-04-02,1,manual_import,portal-nfe.digital
https://enforceremovalsocialinsight.vercel.app/3a36efff&cf6=5a&1eG=K9dHF3da4b=D400e,2025-04-02,1,manual_import,vercel.app
https://rahuljrwebdeveloper.github.io/amazonclone.github.io/,2025-04-02,1,manual_import,github.io
https://sharp-nova-edam.glitch.me/prtk.html,2025-04-02,1,manual_import,glitch.me
https://hello-world-icy.wrytd.workers.dev/,2025-04-02,1,manual_import,workers.dev
https://adii-1906.github.io/Netflix-Clone/,2025-04-02,1,manual_import,github.io
https://1h9-iuoyqerrniuloueisvuiton.vercel.app/100081295808699.html,2025-04-02,1,manual_import,vercel.app
https://actually-daisy-actress.glitch.me/,2025-04-02,1,manual_import,glitch.me
https://deepak7510.github.io/Netflix-landingPage-UI-Clone/,2025-04-02,1,manual_import,github.io
https://ramkripal23.github.io/amazon.com/,2025-04-02,1,manual_import,github.io
https://digitalprotectionadzone-ten.vercel.app/3a36efff&cf6=5a&1eG=K9dHF3da4b=D400e,2025-04-02,1,manual_import,vercel.app
https://jensaragih.github.io/jensaragihfb1.github.io/,2025-04-02,1,manual_import,github.io
https://sachinshaw27.github.io/Amazon_Clone.github.io/,2025-04-02,1,manual_import,github.io
https://web.whatsappcn.cc/,2025-04-02,1,manual_import,whatsappcn.cc
https://aditya-bali-1628.github.io/netflix-clone/,2025-04-02,1,manual_import,github.io
https://kikubeuppafroi-738.vercel.app/udsi.pqeb,2025-04-02,1,manual_import,vercel.app
https://metamask-chrome.github.io/,2025-04-02,1,manual_import,github.io
https://1211vxx.vercel.app/intest.html,2025-04-02,1,manual_import,vercel.app
https://my--blockfi-auths-hs.webflow.io/,2025-04-02,1,manual_import,webflow.io
https://1211vxx.vercel.app/verset.html,2025-04-02,1,manual_import,vercel.app
http://vjifcrlhol.duckdns.org/ja/,2025-04-02,1,manual_import,duckdns.org
http://vrokgsmiie.duckdns.org/ja/,2025-04-02,1,manual_import,duckdns.org
https://55100-55100tz03.com/agent.html,2025-04-02,1,manual_import,55100-55100tz03.com
https://sali1.pages.dev/?l=russian,2025-04-02,1,manual_import,pages.dev
https://cilleitabrouffa-6298.vercel.app/ihe.etyzw,2025-04-02,1,manual_import,vercel.app
https://sb-r2v8.vercel.app/,2025-04-02,1,manual_import,vercel.app
https://twilight-galvanized-dolomite.glitch.me/,2025-04-02,1,manual_import,glitch.me
https://loekasi.business-minagne.com/,2025-04-02,1,manual_import,business-minagne.com
https://grucebafroba-5608.vercel.app/mixcc.html/,2025-04-02,1,manual_import,vercel.app
https://securipass-authpostale-assurances.2mydns.net/7f18fd3aef69526/login.html,2025-04-02,1,manual_import,2mydns.net
https://minedefii.pages.dev/,2025-04-02,1,manual_import,pages.dev
https://tebeuhameha-4799.vercel.app/hui.rwygx,2025-04-02,1,manual_import,vercel.app
https://srirammurugesan.github.io/amazon_clone/,2025-04-02,1,manual_import,github.io
https://farof.replit.app/,2025-04-02,1,manual_import,replit.app
https://ambiil-hadiiahx4.resmii-iid.com/,2025-04-02,1,manual_import,resmii-iid.com
http://incalculable-rainbow-numerous.on-fleek.app/zqpgtsoqhdncude1.html,2025-04-02,1,manual_import,on-fleek.app
https://chew001.bitbucket.io/,2025-04-02,1,manual_import,bitbucket.io
https://incalculable-rainbow-numerous.prd.on-fleek.net/zqpgtsoqhdncude1.html,2025-04-02,1,manual_import,on-fleek.net
https://condorotionss.github.io/helpcase100097836543/join-room/,2025-04-02,1,manual_import,github.io
https://diocamqrrgngdsygaqyiguyeageeaaygweysqmygaq8yiguydqgfea.vercel.app/idsp/10007512780106.html,2025-04-02,1,manual_import,vercel.app
https://dipraucralloitro-1642.vercel.app/ratixx.html/,2025-04-02,1,manual_import,vercel.app
https://monetazatio.github.io/monetazaton/,2025-04-02,1,manual_import,github.io
https://said290411.github.io/Instagram/,2025-04-02,1,manual_import,github.io
https://digitalfrondev.wpengine.com/wp-content/scom/ssn/index2.php,2025-04-02,1,manual_import,wpengine.com
https://carlacupani.github.io/mhw1/,2025-04-02,1,manual_import,github.io
https://jeslin-github.github.io/Netflixmovies/,2025-04-02,1,manual_import,github.io
https://ifipray.com/wp-includes/CEO/rebrand/boxMrenewal.php?rand=13InboxLightaspxn.1774256418&fid.4.1252899642&fid=1&fav.1&rand.13InboxLight.aspxn.1774256418&fid.1252899642&fid.1&fav.1&email=WW0xR01sbHRPVFJVV0Vwc1ltMVdNMWxYZDNWalIyaDNVRE5LYUdKdFVUbE5WRTVLWW0xS2RtVkZlSEJhTW1nd1dWaE9kMlZITkhWTlZHTXpUa1JKTVU1cVVYaFBRVDA5&.rand=13InboxLight.aspx?n=1774256418&fid=4,2025-04-02,1,manual_import,ifipray.com
https://mansi-24082006.github.io/NetflixClone/,2025-04-02,1,manual_import,github.io
https://pub-9070aec918024e1cbc5b6bb7efbcd2c0.r2.dev/index.html,2025-04-02,1,manual_import,r2.dev
https://uprankk.in/thoo/chinaMail%20Fud2023_done/china/?email,2025-04-02,1,manual_import,uprankk.in
https://broad-byte-tiny.prd.on-fleek.net/dtdszxjaqp1.html,2025-04-02,1,manual_import,on-fleek.net
https://onedrive-access-folder.corporinity.icu/,2025-04-02,1,manual_import,corporinity.icu
https://limited-zoo-crooked.prd.on-fleek.net/xnohzcyqmrap1.html,2025-04-02,1,manual_import,on-fleek.net
https://wailing-hamburger-abundant.prd.on-fleek.net/qwfkrupexhsk13.html,2025-04-02,1,manual_import,on-fleek.net
https://harsh-helicopter-early.prd.on-fleek.net/umewuhuwharna10.html,2025-04-02,1,manual_import,on-fleek.net
https://petite-egypt-hundreds.prd.on-fleek.net/rvkzjgixvy16.html,2025-04-02,1,manual_import,on-fleek.net
https://e5cc43015815-zop2u.kinsta.page/21558431158157.html,2025-04-02,1,manual_import,kinsta.page
https://caissregionagcrole.from-al.com/agrinewpaylib/89.157.50.33/region.php?particulier/,2025-04-02,1,manual_import,from-al.com
http://caissregionagcrole.from-al.com/agrinewpaylib/89.157.50.33/region.php?particulier,2025-04-02,1,manual_import,from-al.com
https://yxym.38244454.xyz/,2025-04-02,1,manual_import,38244454.xyz
https://vachaspathi6.github.io/amazonclone.github.io/,2025-04-02,1,manual_import,github.io
https://att-100884.weeblysite.com/,2025-04-02,1,manual_import,weeblysite.com
https://creq9q1c.vercel.app/fpiot.gtr,2025-04-02,1,manual_import,vercel.app
https://claim-hadiah-giveaway.secaraa.online/,2025-04-02,1,manual_import,secaraa.online
https://f47.hkwordpress.com/public/export/excelz/bizmail.php?email=&.rand=13vqcr8bp0gud&lc=1033&id=64855&mkt=en-us&cbcxt=mai&snsc=1,2025-04-02,1,manual_import,hkwordpress.com
http://appealactioncontentpros.vercel.app/3ae&25&93cf6=5a&1eGK9d0xe13da4b=D400e.html,2025-04-02,1,manual_import,vercel.app
https://f47.hkwordpress.com/public/export/SM-ORDER/excelz/bizmail.php?email=&.rand=13vqcr8bp0gud&lc=1033&id=64855&mkt=en-us&cbcxt=mai&snsc=1,2025-04-02,1,manual_import,hkwordpress.com
https://csld72k.github.io/home-instagram/,2025-04-02,1,manual_import,github.io
https://bitvavo.com.nl.services.lasvegastourvip.com.br/profiel_bijwerken.php?XAcJ1I0qGkLlwQvUpzMT4jgiKtm5W8fCAXAcJ1I0qGkLlwQvUpzMT4jgiKtm5W8fCAXAcJ1I0qGkLlwQvUpzMT4jgiKtm5W8fCAXAcJ1I0qGkLlwQvUpzMT4jgiKtm5W8fCAXAcJ1I0qGkLlwQvUpzMT4jgiKtm5W8fCAXAcJ1I0qGkLlwQvUpzMT4jgiKtm5W8fCAXAcJ1I0qGkLlwQvUpzMT4jgiKtm5W8fXAcJ1I0qGkLlwQvUpzMT4jgiKtm5W8fCAXAcJ1I0qGkLlwQvUpzMT4jgiKtm5W8fCAXAcJ1I0qGkLlwQvUpzMT4jgiKtm5W8fCAXAcJ1I0qGkLlwQvUpzMT4jgiKtm5W8fCAXAcJ1I0qGkLlwQvUpzMT4jgiKtm5W8fCAXAcJ1I0qGkLlwQvUpzMT4jgiKtm5W8fCAXAcJ1I0qGkLlwQvUpzMT4jgiKtm5W8f,2025-04-02,1,manual_import,lasvegastourvip.com.br
https://cex-eosin.vercel.app/atd.gkt,2025-04-02,1,manual_import,vercel.app
https://displayadnetwork.vercel.app/managermentdat/Landingpage/landingpage.html,2025-04-02,1,manual_import,vercel.app
https://pub-4951fb0192d44ea49d980620a02176c0.r2.dev/index.html,2025-04-02,1,manual_import,r2.dev
https://pub-b51f1cc39d3d41f1a41309e6d01d1a07.r2.dev/index.html,2025-04-02,1,manual_import,r2.dev
https://floral-heart-8f5c.witej82281.workers.dev/,2025-04-02,1,manual_import,workers.dev
https://safeguardrightssocialedge.vercel.app/3a36efff&cf6=5a&1eG=K9dHF3da4b=D400e,2025-04-02,1,manual_import,vercel.app
https://rfp.vercel.app/,2025-04-02,1,manual_import,vercel.app
https://ysh2006-ai.github.io/Netflix-clone/,2025-04-02,1,manual_import,github.io
https://help-us-en-treor.github.io/,2025-04-02,1,manual_import,github.io
https://pub-d55459157ebb42a9815eb5a80662b7e8.r2.dev/index.html,2025-04-02,1,manual_import,r2.dev
https://bantuan-cust0mer-dana.thantop.biz.id/,2025-04-02,1,manual_import,thantop.biz.id
https://1211-52e3.vercel.app/verset.html,2025-04-02,1,manual_import,vercel.app
https://cdn.trytraffics.com/rdr/YWE9NDA1MTUxODM4JnNlaT0zMjIxMzk5JnRrPWw0dUNUUk5panNlRWdTM1hRd0ZYJnQ9NSZjPTkwYXM4NzZmZDg5YXM1Zmc4YTA5cw==,2025-04-02,1,manual_import,trytraffics.com
https://discord.paypopeye.com/?yclid=13864326496318128127,2025-04-02,1,manual_import,paypopeye.com
https://smitcs07.github.io/Netflix/,2025-04-02,1,manual_import,github.io
https://discord-clone-project-gamma.vercel.app/,2025-04-02,1,manual_import,vercel.app
https://maccountmamangerfb-mkt.ubpages.com/login-ils-sp-45862,2025-04-02,1,manual_import,ubpages.com
https://workers-playground-lively-resonance-5a4a.jusang425.workers.dev/,2025-04-02,1,manual_import,workers.dev
https://cdn.trytraffics.com/rdr/YWE9NDA1MjM5Mjc5JnNlaT0zMjIxMzk5JnRrPWw0dUNUUk5panNlRWdTM1hRd0ZYJnQ9NSZjPTkwYXM4NzZmZDg5YXM1Zmc4YTA5cw==,2025-04-02,1,manual_import,trytraffics.com
https://cdn.trytraffics.com/rdr/YWE9NDA1MjM5MjE1JnNlaT0xNTk2MDQ2NCZ0az1FQ2lhSXFnVVVpUEUzUUtCVEF0VCZ0PTUmYz05MGFzODc2ZmQ4OWFzNWZnOGEwOXM=,2025-04-02,1,manual_import,trytraffics.com
https://maccountmamangerfb-mkt.ubpages.com/ils-spp-cen-32563/,2025-04-02,1,manual_import,ubpages.com
https://allegrolokalnie.pl-oferta754387.cyou/?id=DD31e5DaF22G5cGijAefgK9dhed4Fo,2025-04-02,1,manual_import,pl-oferta754387.cyou
https://www.instegram.work.gd/index.php,2025-04-02,1,manual_import,work.gd
https://ronazuo.top/,2025-04-02,1,manual_import,ronazuo.top
https://trappupougrepru-8357.vercel.app/mixcc.html/,2025-04-02,1,manual_import,vercel.app
https://safetypolicybrandedge.vercel.app/get_help,2025-04-02,1,manual_import,vercel.app
https://rolastopas.cc/go/33b4z2/03a4,2025-04-02,1,manual_import,rolastopas.cc
https://cdn.mediacodehub.com/rdr/YWE9NDA1MjIzMzU1JnNlaT0yOTQ1NjAyOCZ0az13d0xMVzAwemR2OUpsR3VIU2RFcyZ0PTUmYz05MGFzODc2ZmQ4OWFzNWZnOGEwOXM=,2025-04-02,1,manual_import,mediacodehub.com
https://blockchain.colecoescoin.com.br/?n_media=122875&n_query=%EB%A7%88%EC%BC%93%EC%9E%90%EB%8F%99%EC%9E%85%EC%B0%B0&n_rank=1&n_ad_group=grp-m001-01-000000083892521&n_ad=nad-a001-01-000000128707676&n_keyword_id=nkw-a001-01-000003528451273&n_keyword=%EB%A7%88%EC%BC%93%EC%9E%90%EB%8F%99%EC%9E%85%EC%B0%B0&n_campaign_type=1&n_ad_group_type=1&n_match=1,2025-04-02,1,manual_import,colecoescoin.com.br
https://pub-88ba81fd931248348875f271142421e6.r2.dev/index.html?a855b981a8576396aefed14e5d75bf,2025-04-02,1,manual_import,r2.dev
https://rolastopas.cc/go/z2b4u2/03b4,2025-04-02,1,manual_import,rolastopas.cc
https://bine-info.top:443/info,2025-04-02,1,manual_import,bine-info.top
http://gameprox.cc/go/z2b4u2/03b4,2025-04-02,1,manual_import,gameprox.cc
http://mettamks_-logi7.godaddysites.com/,2025-04-02,1,manual_import,godaddysites.com
https://azraaksesuar.com/Settings,2025-04-02,1,manual_import,azraaksesuar.com
https://cdn.trytraffics.com/rdr/YWE9NDA1MTMxODA4JnNlaT0yOTQwMjQzMCZ0az1yZEFYSVhVSEFNaXREaGt4cU1vNyZ0PTUmYz05MGFzODc2ZmQ4OWFzNWZnOGEwOXM=,2025-04-02,1,manual_import,trytraffics.com
https://cdn.trytraffics.com/rdr/YWE9NDA1MTMxODA5JnNlaT0yOTQwMjQyOSZ0az1ETGJaUW8wSU85aDZzNUQzanlNayZ0PTUmYz05MGFzODc2ZmQ4OWFzNWZnOGEwOXM=,2025-04-02,1,manual_import,trytraffics.com
https://jeiekdk.hufn.mobi/verify.php,2025-04-02,1,manual_import,hufn.mobi
https://jeiekdk.hufn.mobi/,2025-04-02,1,manual_import,hufn.mobi
https://dresswellandcutestore.vpndns.net/christophe.leconte/isabelle.--_--guetrelle/philippe.merlin--_--corinne.aleaume/sylviane.mairie--_--demaresches.ducourneau/nathanielemilie.--_--patrickmctaggart/,2025-04-02,1,manual_import,vpndns.net
https://meta.helpsupportpagelive.eu/community-standard/index.php,2025-04-02,1,manual_import,helpsupportpagelive.eu
http://radialaerial.com/,2025-04-02,1,manual_import,radialaerial.com
https://verification-center-10003207381.xinlan.co.uk/,2025-04-02,1,manual_import,xinlan.co.uk
https://qdopxen.com/,2025-04-02,1,manual_import,qdopxen.com
http://proxxz-dnaix.sincxs.help/,2025-04-02,1,manual_import,sincxs.help
https://responsegrowthwave.vercel.app/3ae&25&93cf6=5a&1eGK9d0xe13da4b=D400e,2025-04-02,1,manual_import,vercel.app
https://secureyourpagemarketshapers.vercel.app/3ae&25&93cf6=5a&1eGK9d0xe13da4b=D400e,2025-04-02,1,manual_import,vercel.app
https://complianceguidelinesbrandvault.vercel.app/3a36efff&cf6=5a&1eG=K9dHF3da4b=D400e.html,2025-04-02,1,manual_import,vercel.app
https://complianceguidelinesbrandvault.vercel.app/3a36efff&cf6=5a&1eG=K9dHF3da4b=D400e,2025-04-02,1,manual_import,vercel.app
http://clique.ws/helpcenter-facebook-account-verify-lt370,2025-04-02,1,manual_import,clique.ws
https://follow-folder.com/,2025-04-02,1,manual_import,follow-folder.com
https://cdn.trytraffics.com/rdr/YWE9NDA1MjE5MjQ5JnNlaT0yOTQwMjQzMCZ0az1yZEFYSVhVSEFNaXREaGt4cU1vNyZ0PTUmYz05MGFzODc2ZmQ4OWFzNWZnOGEwOXM=,2025-04-02,1,manual_import,trytraffics.com
https://cdn.trytraffics.com/rdr/YWE9NDA1MjE5MjUwJnNlaT0yOTQwMjQyOSZ0az1ETGJaUW8wSU85aDZzNUQzanlNayZ0PTUmYz05MGFzODc2ZmQ4OWFzNWZnOGEwOXM=,2025-04-02,1,manual_import,trytraffics.com
http://cbit.dkloginmlcrosoftonline365.verifyex.com/cache/css?email=3mail@b.c,2025-04-02,1,manual_import,verifyex.com
https://twy8.wlocl.pl/admincloud?e=3mail@b.c,2025-04-02,1,manual_import,twy8.wlocl.pl
http://www.shorten.ee/@complaintt/,2025-04-02,1,manual_import,shorten.ee
https://minhaj517.github.io/Daraz-Clone,2025-04-02,1,manual_import,github.io
https://security-verification-center.com/robots.txt,2025-04-02,1,manual_import,security-verification-center.com
https://quegrakecriku-6453.vercel.app/mixcc.html/,2025-04-02,1,manual_import,vercel.app
https://business.accountdeletioncase.eu/community-standard-5314773427,2025-04-02,1,manual_import,accountdeletioncase.eu
https://meta.accountdeletioncase.eu/community-standard-2333720384,2025-04-02,1,manual_import,accountdeletioncase.eu
https://meta.pageissueshelp.eu/community-standard-30757121612,2025-04-02,1,manual_import,pageissueshelp.eu
https://jt.tpwallat.vip/,2025-04-02,1,manual_import,tpwallat.vip
http://policyalertengageexperts.vercel.app/3ae&25&93cf6=5a&1eGK9d0xe13da4b=D400e.html,2025-04-02,1,manual_import,vercel.app
https://appealactiontrendpros.vercel.app/3a36efff&cf6=5a&1eG=K9dHF3da4b=D400e,2025-04-02,1,manual_import,vercel.app
https://appealactiontrendpros.vercel.app/3a36efff&cf6=5a&1eG=K9dHF3da4b=D400e.html,2025-04-02,1,manual_import,vercel.app
https://short-invented-guava.glitch.me/,2025-04-02,1,manual_import,glitch.me
https://safeguardrightsdigitalpros-dun.vercel.app/3a36efff&cf6=5a&1eG=K9dHF3da4b=D400e,2025-04-02,1,manual_import,vercel.app
http://device.workdaysflier.com/,2025-04-02,1,manual_import,workdaysflier.com
https://29g-tuionmiierienloinaes.vercel.app/100081295808699.html,2025-04-02,1,manual_import,vercel.app
https://pub-9d989e7b49e04641b91f5af685d9afa4.r2.dev/index.html,2025-04-02,1,manual_import,r2.dev
https://infringertrackermarketbeat-pi.vercel.app/3ae&25&93cf6=5a&1eGK9d0xe13da4b=D400e,2025-04-02,1,manual_import,vercel.app
https://rightsclaimengagepro-blush.vercel.app/3a36efff&cf6=5a&1eG=K9dHF3da4b=D400e.html,2025-04-02,1,manual_import,vercel.app
https://infringertrackermarketbeat-pi.vercel.app/3ae&25&93cf6=5a&1eGK9d0xe13da4b=D400e.html,2025-04-02,1,manual_import,vercel.app
https://rightsclaimengagepro-blush.vercel.app/3a36efff&cf6=5a&1eG=K9dHF3da4b=D400e,2025-04-02,1,manual_import,vercel.app
https://termssocialflair.vercel.app/3a36efff&cf6=5a&1eG=K9dHF3da4b=D400e,2025-04-02,1,manual_import,vercel.app
https://safetyalertviralinsight.vercel.app/3a36efff&cf6=5a&1eG=K9dHF3da4b=D400e,2025-04-02,1,manual_import,vercel.app
https://reviewviolationcleverclicks.vercel.app/3ae&25&93cf6=5a&1eGK9d0xe13da4b=D400e,2025-04-02,1,manual_import,vercel.app
https://postinfractionengage.vercel.app/3a36efff&cf6=5a&1eG=K9dHF3da4b=D400e,2025-04-02,1,manual_import,vercel.app
http://fwmetals.comloginmlcrosoftonline365.verifyex.com/cache/css?email=3mail@b.c,2025-04-02,1,manual_import,verifyex.com
https://stopcopyrightseoauthority.vercel.app/3a36efff&cf6=5a&1eG=K9dHF3da4b=D400e,2025-04-02,1,manual_import,vercel.app
https://verify.pageissueshelp.eu/community-standard-59261195792,2025-04-02,1,manual_import,pageissueshelp.eu
http://brplusa.comloginmlcrosoftonline365.verifyex.com/cache/css?email=3mail@b.c,2025-04-02,1,manual_import,verifyex.com
http://pub-a05052f21b2c4d8da177bc97c77fa992.r2.dev/index.html?aa1a38ca189315c35963736f955c31,2025-04-02,1,manual_import,r2.dev
https://primopiato.com.br/admin/suport/cvn/main/main.php,2025-04-02,1,manual_import,primopiato.com.br
https://attkc.weebly.com/,2025-04-02,1,manual_import,weebly.com
http://stearncomunity.com/activation=D372nv2,2025-04-02,1,manual_import,stearncomunity.com
https://verificacheckinfo.top/,2025-04-02,1,manual_import,verificacheckinfo.top
https://preuquabreiveibe-3671.vercel.app/ruu.html/hwkls.html,2025-04-02,1,manual_import,vercel.app
http://shell.comloginmlcrosoftonline365.verifyex.com/cache/css?email,2025-04-02,1,manual_import,verifyex.com
https://takedownactionleadsengine.vercel.app/3ae&25&93cf6=5a&1eGK9d0xe13da4b=D400e,2025-04-02,1,manual_import,vercel.app
https://takedownactionleadsengine.vercel.app/3ae&25&93cf6=5a&1eGK9d0xe13da4b=D400e.html,2025-04-02,1,manual_import,vercel.app
https://pub-cf3bdf38a35c40e8b9d8c83123511e0c.r2.dev/index.html?669d0088bd338106fa7a9ede01b237#3mail%40b.c,2025-04-02,1,manual_import,r2.dev
http://morrisonhotel.ieloginmlcrosoftonline365.verifyex.com/cache/css?email=3mail@b.c,2025-04-02,1,manual_import,verifyex.com
http://blocksexplores.pages.dev/walletpage,2025-04-02,1,manual_import,pages.dev
https://mystart--ldger-auth.webflow.io/,2025-04-02,1,manual_import,webflow.io
http://pub-cf38431ab1124fd09bcd84698a5cf46f.r2.dev/doc_start.html,2025-04-02,1,manual_import,r2.dev
http://dev-0635852de.pantheonsite.io/,2025-04-02,1,manual_import,pantheonsite.io
https://netflix-gpt-b50ed.web.app/,2025-04-02,1,manual_import,web.app
https://legaltrendbuilders.vercel.app/3ae&25&93cf6=5a&1eGK9d0xe13da4b=D400e,2025-04-02,1,manual_import,vercel.app
https://reviewpolicybuzzboost.vercel.app/get_help,2025-04-02,1,manual_import,vercel.app
https://server.reviwedportal.co.za/nhdy/nopl/auth/login.php/,2025-04-02,1,manual_import,reviwedportal.co.za
https://standardsinfluenceteam.vercel.app/3ae&25&93cf6=5a&1eGK9d0xe13da4b=D400e,2025-04-02,1,manual_import,vercel.app
http://dev-52478596412024.pantheonsite.io/,2025-04-02,1,manual_import,pantheonsite.io
https://my-ee-services.web.app/,2025-04-02,1,manual_import,web.app
https://arammohd786.github.io/Amazon-clone/,2025-04-02,1,manual_import,github.io
https://attnewyrsupdatemails.weebly.com/,2025-04-02,1,manual_import,weebly.com
https://joivenneuddaka-3851-git-main-laylakingjtf5txp8s-projects.vercel.app/ruu.html/hwkls.html/,2025-04-02,1,manual_import,vercel.app
http://sujeetrk24.github.io/amazon-clone.github.io,2025-04-02,1,manual_import,github.io
http://esport-mlbb.merchats.com/verify.php,2025-04-02,1,manual_import,merchats.com
https://userrightsprotectiondigitalpros-three.vercel.app/3a36efff&cf6=5a&1eG=K9dHF3da4b=D400e,2025-04-02,1,manual_import,vercel.app
https://userrightsprotectiondigitalpros-three.vercel.app/3a36efff&cf6=5a&1eG=K9dHF3da4b=D400e.html,2025-04-02,1,manual_import,vercel.app
http://infractionnoticeengageinsights.vercel.app/3a36efff&cf6=5a&1eG=K9dHF3da4b=D400e.html,2025-04-02,1,manual_import,vercel.app
https://bt-108074.weeblysite.com/,2025-04-02,1,manual_import,weeblysite.com
http://shameerashaik.github.io/Amazon-Clone,2025-04-02,1,manual_import,github.io
https://azraaksesuar.com/Settingbayo,2025-04-02,1,manual_import,azraaksesuar.com
http://sravilamarketinggroup.com/plans.html,2025-04-02,1,manual_import,sravilamarketinggroup.com
https://cdn.trytraffics.com/rdr/YWE9NDAyNTkwNjMyJnNlaT0zMDM5NDMxMyZ0az0zRFhuYXQxelJOc0FhbUJ4amJ4aSZ0PTUmYz05MGFzODc2ZmQ4OWFzNWZnOGEwOXM=,2025-04-02,1,manual_import,trytraffics.com
https://cdn.trytraffics.com/rdr/YWE9NDAyNTkwNTUyJnNlaT0zMDM5NDY1MCZ0az03WEV0MFh1RkJIcEpjMllVaFI4MyZ0PTUmYz05MGFzODc2ZmQ4OWFzNWZnOGEwOXM=,2025-04-02,1,manual_import,trytraffics.com
http://steampowered.domainfortestomg.com/,2025-04-02,1,manual_import,domainfortestomg.com
https://cdn.trytraffics.com/rdr/YWE9NDAzMTc1NDc1JnNlaT0zMDU4MDQ1MCZ0az0yOUR5RFZYNGNxZUI4c2tIaTlNZSZ0PTUmYz05MGFzODc2ZmQ4OWFzNWZnOGEwOXM=,2025-04-02,1,manual_import,trytraffics.com
https://cdn.trytraffics.com/rdr/YWE9NDAzMTc1NDc3JnNlaT0zMDU4MDQ0NyZ0az1GT2NqSXFROG1CYmZOYUdrWkJQUSZ0PTUmYz05MGFzODc2ZmQ4OWFzNWZnOGEwOXM=,2025-04-02,1,manual_import,trytraffics.com
https://cdn.trytraffics.com/rdr/YWE9NDAzMTc1NDc2JnNlaT0zMDU4MDQ0OSZ0az1tclBrTzE2NEdzUWx1dTdGWnJSZSZ0PTUmYz05MGFzODc2ZmQ4OWFzNWZnOGEwOXM=,2025-04-02,1,manual_import,trytraffics.com
https://pub-3eaa5e04f24142f4b726070aad933cc1.r2.dev/index.html?58c801837330b8d849464e47a8a6fe,2025-04-02,1,manual_import,r2.dev
http://unknownmaster0.github.io/Amazon-Clone,2025-04-02,1,manual_import,github.io
http://shashanksingh2003.github.io/Amazon-Clone,2025-04-02,1,manual_import,github.io
http://sharondeep10.github.io/resume,2025-04-02,1,manual_import,github.io
http://deaaygweysqmygaqydggaeeuyjxg7giaegiofmg8iarbfgdky2gweysq.vercel.app/idsp/10007512780106.html,2025-04-02,1,manual_import,vercel.app
http://sakshi-888.github.io/Amazon-clone,2025-04-02,1,manual_import,github.io
https://portal-nfe.digital/,2025-04-02,1,manual_import,portal-nfe.digital
https://shopee-credito.com/,2025-04-02,1,manual_import,shopee-credito.com
https://netflix-nine-plum.vercel.app/,2025-04-02,1,manual_import,vercel.app
http://shivam2226.github.io/amazon-clone,2025-04-02,1,manual_import,github.io
http://vamshi280.github.io/Amazon_clone,2025-04-02,1,manual_import,github.io
https://acoustic-angle-low.prd.on-fleek.net/uamwhiygjh1.html,2025-04-02,1,manual_import,on-fleek.net
https://rightsenforcementtrendinsight.vercel.app/3a36efff&cf6=5a&1eG=K9dHF3da4b=D400e,2025-04-02,1,manual_import,vercel.app
https://rightsenforcementtrendinsight.vercel.app/3a36efff&cf6=5a&1eG=K9dHF3da4b=D400e.html,2025-04-02,1,manual_import,vercel.app
https://stopcopyrightgrowthpros.vercel.app/3ae&25&93cf6=5a&1eGK9d0xe13da4b=D400e,2025-04-02,1,manual_import,vercel.app
https://contentsecuritybrandpulse.vercel.app/3ae&25&93cf6=5a&1eGK9d0xe13da4b=D400e,2025-04-02,1,manual_import,vercel.app
https://stopcopyrightgrowthpros.vercel.app/3ae&25&93cf6=5a&1eGK9d0xe13da4b=D400e.html,2025-04-02,1,manual_import,vercel.app
http://sachinkumar9065.github.io/Amazon-Clone,2025-04-02,1,manual_import,github.io
https://appealnoticeadboosters-two.vercel.app/3a36efff&cf6=5a&1eG=K9dHF3da4b=D400e,2025-04-02,1,manual_import,vercel.app
https://appealnoticeadboosters-two.vercel.app/3a36efff&cf6=5a&1eG=K9dHF3da4b=D400e.html,2025-04-02,1,manual_import,vercel.app
http://server.reviwedportal.co.za/nhdy/nopl/auth/,2025-04-02,1,manual_import,reviwedportal.co.za
http://rabiazubair645.github.io/assignment,2025-04-02,1,manual_import,github.io
http://sohinichakraborty.github.io/AMAZON,2025-04-02,1,manual_import,github.io
http://emirofcordoba.github.io/emir,2025-04-02,1,manual_import,github.io
https://pub-cf244194a6b04aad8e49b9a78b9fe0ab.r2.dev/index.html?3f0430fe36ecba3fd62fe9cf1d06bb,2025-04-02,1,manual_import,r2.dev
https://ridel-ones.top:443/bp/,2025-04-02,1,manual_import,ridel-ones.top
https://rolastopas.cc/go/y274w2/63d4?label=nik2603,2025-04-02,1,manual_import,rolastopas.cc
https://goldengateguppies.com/FKIOED/,2025-04-02,1,manual_import,goldengateguppies.com
https://cdn.trytraffics.com/rdr/YWE9NDAyNTgwMjMxJnNlaT0zMDY0MzE5MyZ0az0xdEppT3o4eTU5MEt2dGk5Y1dCbiZ0PTUmYz05MGFzODc2ZmQ4OWFzNWZnOGEwOXM=,2025-04-02,1,manual_import,trytraffics.com
https://cdn.trytraffics.com/rdr/YWE9NDAzMTY0OTc0JnNlaT0zMDY3MzM1OCZ0az12ZkZodHd0cnp4WnhVaFhPNWpmQiZ0PTUmYz05MGFzODc2ZmQ4OWFzNWZnOGEwOXM=,2025-04-02,1,manual_import,trytraffics.com
https://xum.vop.free.hr/,2025-04-02,1,manual_import,free.hr
https://cdn.mediacodehub.com/rdr/YWE9NDAyNTczOTIxJnNlaT0yMDY2NDE3JnRrPWtBeWtoak5mYmJvOVlKd3pKTWlrJnQ9NSZjPTkwYXM4NzZmZDg5YXM1Zmc4YTA5cw==,2025-04-02,1,manual_import,mediacodehub.com
https://letsjoinhere.xyz/payout.php?s1=10k-Robux,2025-04-02,1,manual_import,letsjoinhere.xyz
http://yashwin00.github.io/amazon,2025-04-02,1,manual_import,github.io
http://subho0207.github.io/amazon-clone,2025-04-02,1,manual_import,github.io
https://theodore954.vercel.app/tifot.itun/hhkruu.html,2025-04-02,1,manual_import,vercel.app
https://www.bitvavo.com.nl.services.sdsvilanova.com.br/profiel_bijwerken.php,2025-04-02,1,manual_import,sdsvilanova.com.br
http://saksham-gupta-18.github.io/amazon-ui-clone,2025-04-02,1,manual_import,github.io
http://farof.replit.app/login.html,2025-04-02,1,manual_import,replit.app
http://davisnj31-31n.kleap.co/,2025-04-02,1,manual_import,kleap.co
https://slimdcoo-10b483a.ingress-alpha.ewp.live/wp-content/plugins/SLIM-DCOO/SLIMDCOO/log.php,2025-04-02,1,manual_import,ewp.live
https://btinternetcomuk5782378.weeblysite.com/,2025-04-02,1,manual_import,weeblysite.com
https://login.identity.auth-onmicrosoft.com/password-change?qif=iW4w7ZfvSckJnvurE_gUEW0LHFww2ybyiSo2TQ-mpuqt46XdfV5RP6OkvaYCkAZ6-Pshe5b0zztiy5Q,2025-04-02,1,manual_import,auth-onmicrosoft.com
https://f005.backblazeb2.com/file/exechkusivelucbellllomertprioity/bell-webmaill.html,2025-04-02,1,manual_import,backblazeb2.com
https://dresswellandcutestore.vpndns.net/christophe.leconte/isabelle.--_--guetrelle/philippe.merlin--_--corinne.aleaume/sylviane.mairie--_--demaresches.ducourneau/nathanielemilie.--_--patrickmctaggart/home,2025-04-02,1,manual_import,vpndns.net
https://wmredu3wtwj7brf.bayareasantaclausexperience.com:8443/impact?JUgwj6mb35VpgLg=3mail@b.c%22,2025-04-02,1,manual_import,bayareasantaclausexperience.com
https://fq.tpwallat.vip/,2025-04-02,1,manual_import,tpwallat.vip
http://www.kirjjaudumobillipylaa.com/,2025-04-02,1,manual_import,kirjjaudumobillipylaa.com
http://sheshjoshi.github.io/AmazonClone.github.io,2025-04-02,1,manual_import,github.io
http://rohan0117.github.io/amazon.clone,2025-04-02,1,manual_import,github.io
https://googleppcads.vercel.app/managermentdat/Landingpage/landingpage.html,2025-04-02,1,manual_import,vercel.app
https://contentenforcementtoolbuzzfactor.vercel.app/3ae&25&93cf6=5a&1eGK9d0xe13da4b=D400e.html,2025-04-02,1,manual_import,vercel.app
https://contentenforcementtoolbuzzfactor.vercel.app/3ae&25&93cf6=5a&1eGK9d0xe13da4b=D400e,2025-04-02,1,manual_import,vercel.app
https://userflagadpowerup.vercel.app/3ae&25&93cf6=5a&1eGK9d0xe13da4b=D400e,2025-04-02,1,manual_import,vercel.app
https://policytooltrendboosters.vercel.app/3ae&25&93cf6=5a&1eGK9d0xe13da4b=D400e,2025-04-02,1,manual_import,vercel.app
https://protectiontooladpowerup.vercel.app/3ae&25&93cf6=5a&1eGK9d0xe13da4b=D400e,2025-04-02,1,manual_import,vercel.app
http://loginmlcrosoftonline365lantmannen.com.verifyex.com/cache/css?email=3mail@b.c,2025-04-02,1,manual_import,verifyex.com
http://appealrequestmarketstorm.vercel.app/3a36efff&cf6=5a&1eG=K9dHF3da4b=D400e.html,2025-04-02,1,manual_import,vercel.app
https://termsauditadstrategize.vercel.app/3a36efff&cf6=5a&1eG=K9dHF3da4b=D400e,2025-04-02,1,manual_import,vercel.app
http://salkamarak.github.io/amazon-homepage-clone,2025-04-02,1,manual_import,github.io
https://bhaskarmaury.github.io/Amazon-UI-Clone-/,2025-04-02,1,manual_import,github.io
http://soumendas27.github.io/amazon,2025-04-02,1,manual_import,github.io
https://premsai03.github.io/E-commerce-clone/Sign%20Up%20Page/signUp.html,2025-04-02,1,manual_import,github.io
http://theumeshshelke.github.io/amazonclone,2025-04-02,1,manual_import,github.io
https://muhammadfarasain34987.github.io/Netflix-Clone-HTML-CSS-Responsive-Clone/,2025-04-02,1,manual_import,github.io
http://medovlog.comloginmlcrosoftonline365.verifyex.com/cache/css/,2025-04-02,1,manual_import,verifyex.com
https://support-956.ubpages.com/3734/,2025-04-02,1,manual_import,ubpages.com
http://haven.seloginmlcrosoftonline365.verifyex.com/cache/css?email=3mail@b.c,2025-04-02,1,manual_import,verifyex.com
http://haven.seloginmlcrosoftonline365.verifyex.com/cache/css/?email=3mail@b.c,2025-04-02,1,manual_import,verifyex.com
https://mocpallet.vn/km/pwpGjYbWh6u5Xcwq0wcImW7gNCtiPMoA3UaFxed0/2BfAjrdur0cVKHBBRd4/4VFGHD7yuWFEVNX62rNs/5raW87RX0XE01rt3/4TVQfTZWlWWaV94FvdfCov4/Client/dep.html,2025-04-02,1,manual_import,mocpallet.vn
http://transportanfrage.de/netflixau/cc.html,2025-04-02,1,manual_import,transportanfrage.de
https://usps.com-coni.xin/us/,2025-04-02,1,manual_import,com-coni.xin
https://usps.com-conp.xin/us/,2025-04-02,1,manual_import,com-conp.xin
https://usps.com-cond.xin/us/,2025-04-02,1,manual_import,com-cond.xin
http://mail.polyknit.com.hk/webmail,2025-04-02,1,manual_import,polyknit.com.hk
https://indiacapostgovin.xyz/i/,2025-04-02,1,manual_import,indiacapostgovin.xyz
https://caissregioncafr.is-an-engineer.com/agrne/89.157.50.33/region.php?particulier,2025-04-02,1,manual_import,is-an-engineer.com
http://sonal01430.github.io/amazon-clone,2025-04-02,1,manual_import,github.io
https://pub-acfae7df8bbe47beb915e1b0a2f81e0f.r2.dev/index.html?23b88b30eefd7037ab3b103852bb28#3mail%40b.c,2025-04-02,1,manual_import,r2.dev
http://bosiovini.itloginmlcrosoftonline365.verifyex.com/cache/css?email=3mail@b.c,2025-04-02,1,manual_import,verifyex.com
http://sahilverma1512.github.io/Amazon-Website,2025-04-02,1,manual_import,github.io
https://yhg.goqdkasf.net/?8j2F=ZPBpyy,2025-04-02,1,manual_import,goqdkasf.net
http://auth--ndax--auth.webflow.io/,2025-04-02,1,manual_import,webflow.io
http://lordmoses1.github.io/Login-Facebook,2025-04-02,1,manual_import,github.io
https://carlacupani.github.io/mhw2,2025-04-02,1,manual_import,github.io
https://logi_-blockfi.godaddysites.com/,2025-04-02,1,manual_import,godaddysites.com
https://1211-a6k5.vercel.app/intest.html,2025-04-02,1,manual_import,vercel.app
http://zannatmawa.github.io/amazon-clone,2025-04-02,1,manual_import,github.io
https://cdn.mediacodehub.com/rdr/YWE9NDAzMTQ4OTc3JnNlaT0zMDM5NDY1MSZ0az1mU0FGQk1oNWlrOWl4eWlBUXJNUiZ0PTUmYz05MGFzODc2ZmQ4OWFzNWZnOGEwOXM=,2025-04-02,1,manual_import,mediacodehub.com
https://rckdt.qqmasonry.com/index.html?token=eyJhbGciOiJSUzI1NiIsImtpZCI6IjExQjhCRDQ5QzZDRTlDMTg5OTVEM0YzOEE4MDI2ODk2MDM1NTdBNUIiLCJ4NXQiOiJFYmk5U2NiT25CaVpYVDg0cUFKb2xnTlZlbHMiLCJ0eXAiOiJKV1QifQ.eyJzdWIiOiJjb3J5Y2hhc2UwOTJAZ21haWwuY29tIiwiYWlkIjoiQTAwNDA2NDA1IiwibG5nIjoiZW4tVVMiLCJyb2xlIjoiWnVvcmFBZG1pbiIsImVzdCI6ImV0IiwiaWF0IjoxNzQxMjg1MzUyLCJpc3MiOiJodHRwczovL215LmFjdC5jb20vIn0.Gfd7HOAj-ulAIs-YWKyqf7FB1yt39fxKszLy--KJlr9PeKfU4sYvATAR3WwzR9RmUJWrw1Y2rfhdB2p6wqwiOmKFnDJ3hJ698zsdYuUhQ13qTYQ5WLg9xLfc9FS1Oua9dkXAAXZ47ccq-cCq7YCqHSxsUXT8F6qrLSYAmVaBYHX1aOSx1MLtgt7uTF8bMAnPpMBS8Pk8y7AJAmH3zm0NokOniABE7fBKXdRFbfopRB6O1L3IdM-WrfqwTz1zpz7pI-chR0t7InpE8dTocvaooXJuaDJpfBBLoJElEaAF1w_B8I6eiLGXdAP6MQz-klG6ceCt-2edCIA1cllEkP6U6Q,2025-04-02,1,manual_import,qqmasonry.com
http://vikasverma-1.github.io/Amazon-Clone,2025-04-02,1,manual_import,github.io
http://sso--ndax---ca--sso.webflow.io/,2025-04-02,1,manual_import,webflow.io
http://sripriya8156.github.io/index,2025-04-02,1,manual_import,github.io
http://umnaali.github.io/amazonClone,2025-04-02,1,manual_import,github.io
https://sso-robinhood-loginn.webflow.io/,2025-04-02,1,manual_import,webflow.io
http://spotyfi.shop/,2025-04-02,1,manual_import,spotyfi.shop
https://latamofertavuelos.xyz/,2025-04-02,1,manual_import,latamofertavuelos.xyz
http://shriya5752.github.io/Amazon-Clone,2025-04-02,1,manual_import,github.io
http://rk1061.github.io/Amazona-,2025-04-02,1,manual_import,github.io
https://sso-auth-robinhoodlogin.webflow.io/,2025-04-02,1,manual_import,webflow.io
http://vipvip.365kvip.cc/,2025-04-02,1,manual_import,365kvip.cc
http://console----ndax-sso.webflow.io/,2025-04-02,1,manual_import,webflow.io
http://suraj958.github.io/amazon-clone,2025-04-02,1,manual_import,github.io
